SPRUCE_ID,metadata,value,coef,stderr,pval,name,qval,N,N.not.zero
SPRUCE 600,AvgTemp10cm,AvgTemp10cm,-2.702897641304791,0.6977259267934702,6.172952632510896e-4,AvgTemp10cm,0.18148480739582032,29,11
SPRUCE 2294,AvgTemp10cm,AvgTemp10cm,-0.6286837934271176,0.24108811946252812,0.01466943362268719,AvgTemp10cm,0.29305077619983855,29,3
SPRUCE 2292,AvgTemp10cm,AvgTemp10cm,-0.6454931154939518,0.19703389581760059,0.002890401259333332,AvgTemp10cm,0.29305077619983855,29,4
SPRUCE 689,AvgTemp10cm,AvgTemp10cm,-0.4571785020243856,0.18236907378734454,0.018501319169919105,AvgTemp10cm,0.29305077619983855,29,3
SPRUCE 2184,AvgTemp10cm,AvgTemp10cm,1.2928402059928275,0.5074870642420602,0.016856505838313014,AvgTemp10cm,0.29305077619983855,29,19
SPRUCE 2285,AvgTemp10cm,AvgTemp10cm,-0.08465031223391378,0.03180792078118081,0.012946135091953864,AvgTemp10cm,0.29305077619983855,29,1
SPRUCE 2300,AvgTemp10cm,AvgTemp10cm,-0.08465031223391419,0.03180792078118081,0.012946135091953482,AvgTemp10cm,0.29305077619983855,29,1
SPRUCE 675,AvgTemp10cm,AvgTemp10cm,0.84321456397544,0.33773953082240254,0.018938655604751473,AvgTemp10cm,0.29305077619983855,29,25
SPRUCE 356,AvgTemp10cm,AvgTemp10cm,1.2177915516890914,0.42277784593065754,0.007685961114722756,AvgTemp10cm,0.29305077619983855,29,25
SPRUCE 2148,AvgTemp10cm,AvgTemp10cm,1.5208303447880605,0.5279467809478416,0.00768228176389949,AvgTemp10cm,0.29305077619983855,29,16
SPRUCE 2283,AvgTemp10cm,AvgTemp10cm,-0.08465031223391305,0.031807920781180866,0.012946135091954712,AvgTemp10cm,0.29305077619983855,29,1
SPRUCE 2282,AvgTemp10cm,AvgTemp10cm,-1.094613547064638,0.40120931427360784,0.011058098101168928,AvgTemp10cm,0.29305077619983855,29,7
SPRUCE 2299,AvgTemp10cm,AvgTemp10cm,-0.7382723476021918,0.2763733367780025,0.012646638258571593,AvgTemp10cm,0.29305077619983855,29,2
SPRUCE 2297,AvgTemp10cm,AvgTemp10cm,-0.08465031223391296,0.03180792078118084,0.012946135091954724,AvgTemp10cm,0.29305077619983855,29,1
SPRUCE 2183,AvgTemp10cm,AvgTemp10cm,1.3464916715637631,0.5352055530554172,0.01812673134645257,AvgTemp10cm,0.29305077619983855,29,24
SPRUCE 397,AvgTemp10cm,AvgTemp10cm,0.8560549054154151,0.3314909466135093,0.01555330035294685,AvgTemp10cm,0.29305077619983855,29,29
SPRUCE 2301,AvgTemp10cm,AvgTemp10cm,-0.0846503122339122,0.031807920781180866,0.012946135091955528,AvgTemp10cm,0.29305077619983855,29,1
SPRUCE 2226,AvgTemp10cm,AvgTemp10cm,-0.9078402725971041,0.35264582386660825,0.015846000753525977,AvgTemp10cm,0.29305077619983855,29,4
SPRUCE 2298,AvgTemp10cm,AvgTemp10cm,-0.8577306833684256,0.29290670232251514,0.006843984848004981,AvgTemp10cm,0.29305077619983855,29,2
SPRUCE 275,AvgTemp10cm,AvgTemp10cm,1.7728901072926568,0.7547551074087472,0.026396442127499805,AvgTemp10cm,0.3374153906732584,29,25
SPRUCE 2046,AvgTemp10cm,AvgTemp10cm,0.8909490601701565,0.37175113123240633,0.023737493654821445,AvgTemp10cm,0.3374153906732584,29,5
SPRUCE 2185,AvgTemp10cm,AvgTemp10cm,2.6466082232580646,1.125455285084568,0.026243029900777457,AvgTemp10cm,0.3374153906732584,29,13
SPRUCE 190,AvgTemp10cm,AvgTemp10cm,-0.8172544847009523,0.347239284841696,0.026127512008749965,AvgTemp10cm,0.3374153906732584,29,9
SPRUCE 2159,AvgTemp10cm,AvgTemp10cm,1.4151063846976624,0.6096016095663322,0.02805746562504889,AvgTemp10cm,0.34370395390684894,29,21
SPRUCE 607,AvgTemp10cm,AvgTemp10cm,1.168958918921833,0.5251151583586321,0.034546690931306745,AvgTemp10cm,0.3785639227468199,29,27
SPRUCE 2060,AvgTemp10cm,AvgTemp10cm,1.3469989449196014,0.6313954725237617,0.04213370661891903,AvgTemp10cm,0.3785639227468199,29,20
SPRUCE 2152,AvgTemp10cm,AvgTemp10cm,1.1483787621015749,0.5462214071823389,0.04498056482699728,AvgTemp10cm,0.3785639227468199,29,26
SPRUCE 124,AvgTemp10cm,AvgTemp10cm,0.5626524385009389,0.26146273465523723,0.04050427785716133,AvgTemp10cm,0.3785639227468199,29,27
SPRUCE 2049,AvgTemp10cm,AvgTemp10cm,0.9443821872686923,0.45227306974979337,0.04635476605063101,AvgTemp10cm,0.3785639227468199,29,4
SPRUCE 2155,AvgTemp10cm,AvgTemp10cm,1.3694940924819452,0.6540794043929191,0.04580417182766204,AvgTemp10cm,0.3785639227468199,29,21
SPRUCE 2042,AvgTemp10cm,AvgTemp10cm,0.6067480287368111,0.27516117236349624,0.036150872967769435,AvgTemp10cm,0.3785639227468199,29,4
SPRUCE 2293,AvgTemp10cm,AvgTemp10cm,-1.9984279237733638,0.9490983628929743,0.044678461940807476,AvgTemp10cm,0.3785639227468199,29,8
SPRUCE 2313,AvgTemp10cm,AvgTemp10cm,1.0573453079176076,0.4753243292585479,0.03466857453934811,AvgTemp10cm,0.3785639227468199,29,22
SPRUCE 2287,AvgTemp10cm,AvgTemp10cm,-0.9443876681338872,0.4494334746530642,0.04508673719229996,AvgTemp10cm,0.3785639227468199,29,5
SPRUCE 2057,AvgTemp10cm,AvgTemp10cm,1.443437433712534,0.6680176334989412,0.03974905889679831,AvgTemp10cm,0.3785639227468199,29,27
SPRUCE 87,AvgTemp10cm,AvgTemp10cm,1.4654627800075608,0.6636841005269367,0.03591740100496695,AvgTemp10cm,0.3785639227468199,29,25
SPRUCE 2053,AvgTemp10cm,AvgTemp10cm,1.3655134745563973,0.6627435458838248,0.04911656262023525,AvgTemp10cm,0.3812802637446421,29,10
SPRUCE 2191,AvgTemp10cm,AvgTemp10cm,1.6486254574315105,0.8007742220784078,0.049281122524817686,AvgTemp10cm,0.3812802637446421,29,24
SPRUCE 2220,AvgTemp10cm,AvgTemp10cm,-0.9876687247359438,0.4862877147165222,0.05220356873847973,AvgTemp10cm,0.39353459510546257,29,8
SPRUCE 2075,AvgTemp10cm,AvgTemp10cm,0.9309622546590008,0.464764076689346,0.055300797511805784,AvgTemp10cm,0.4064608617117725,29,8
SPRUCE 2296,AvgTemp10cm,AvgTemp10cm,-1.4136870596760525,0.7107214507852315,0.05691181697099276,AvgTemp10cm,0.40809937047492373,29,7
SPRUCE 372,AvgTemp10cm,AvgTemp10cm,1.047505249213313,0.5437397197520906,0.06463129801904612,AvgTemp10cm,0.413078296034773,29,27
SPRUCE 2203,AvgTemp10cm,AvgTemp10cm,0.756953868333835,0.3885804193144681,0.061881054118048916,AvgTemp10cm,0.413078296034773,29,6
SPRUCE 2047,AvgTemp10cm,AvgTemp10cm,0.4045776980326,0.20544383406291658,0.059261038277420505,AvgTemp10cm,0.413078296034773,29,3
SPRUCE 2154,AvgTemp10cm,AvgTemp10cm,1.0868950720473434,0.5599028731725683,0.06273613751503812,AvgTemp10cm,0.413078296034773,29,24
SPRUCE 2233,AvgTemp10cm,AvgTemp10cm,1.090366398155772,0.56563132933494,0.06447317171317214,AvgTemp10cm,0.413078296034773,29,13
SPRUCE 158,AvgTemp10cm,AvgTemp10cm,1.0943887357510793,0.5800153886180615,0.0699802548486371,AvgTemp10cm,0.42122195506099597,29,23
SPRUCE 2076,AvgTemp10cm,AvgTemp10cm,1.1646493889152985,0.6177761486231247,0.07020365917683266,AvgTemp10cm,0.42122195506099597,29,7
SPRUCE 467,AvgTemp10cm,AvgTemp10cm,0.5815345524601889,0.30785137862928164,0.06967602304284426,AvgTemp10cm,0.42122195506099597,29,27
SPRUCE 2192,AvgTemp10cm,AvgTemp10cm,0.949390620596655,0.5229167288197766,0.08055920331209104,AvgTemp10cm,0.4553107618427101,29,12
SPRUCE 2068,AvgTemp10cm,AvgTemp10cm,0.6763299129661088,0.3731237063404728,0.08102555593976563,AvgTemp10cm,0.4553107618427101,29,4
SPRUCE 2278,AvgTemp10cm,AvgTemp10cm,-1.1435194528016372,0.6249804913600843,0.07835996155747253,AvgTemp10cm,0.4553107618427101,29,13
SPRUCE 75,AvgTemp10cm,AvgTemp10cm,-1.0975271910017939,0.6077129269643632,0.08207983121654297,AvgTemp10cm,0.4553107618427101,29,9
SPRUCE 269,AvgTemp10cm,AvgTemp10cm,0.8608370697378337,0.48632372488493963,0.08800508892988894,AvgTemp10cm,0.4728360724706014,29,29
SPRUCE 2041,AvgTemp10cm,AvgTemp10cm,0.5346249311016168,0.3024845998958492,0.08845572784313971,AvgTemp10cm,0.4728360724706014,29,3
SPRUCE 2073,AvgTemp10cm,AvgTemp10cm,1.067961062775488,0.6130487340974021,0.09288246207891797,AvgTemp10cm,0.4746716001405512,29,3
SPRUCE 2150,AvgTemp10cm,AvgTemp10cm,0.6717931812061138,0.39251082939165616,0.09844971901686067,AvgTemp10cm,0.4746716001405512,29,6
SPRUCE 2065,AvgTemp10cm,AvgTemp10cm,1.0562357379808918,0.6092034610349295,0.09436057113090542,AvgTemp10cm,0.4746716001405512,29,5
SPRUCE 164,AvgTemp10cm,AvgTemp10cm,0.794710774620397,0.4634902016058592,0.09787266439162068,AvgTemp10cm,0.4746716001405512,29,27
SPRUCE 2311,AvgTemp10cm,AvgTemp10cm,0.5231626978613623,0.2992536925604458,0.09178907810333649,AvgTemp10cm,0.4746716001405512,29,6
SPRUCE 2309,AvgTemp10cm,AvgTemp10cm,1.3195423993121083,0.7710615281689471,0.0984862843829035,AvgTemp10cm,0.4746716001405512,29,20
SPRUCE 392,AvgTemp10cm,AvgTemp10cm,-0.7219454895624696,0.4336882211790665,0.10754380253111508,AvgTemp10cm,0.48759932961612296,29,16
SPRUCE 2156,AvgTemp10cm,AvgTemp10cm,0.6089617629991909,0.36260301382945825,0.10460797171548392,AvgTemp10cm,0.48759932961612296,29,4
SPRUCE 2195,AvgTemp10cm,AvgTemp10cm,1.0924682688912228,0.6567758677707979,0.1078025728743129,AvgTemp10cm,0.48759932961612296,29,18
SPRUCE 2074,AvgTemp10cm,AvgTemp10cm,0.8984664137609498,0.5367268707214287,0.10568344654832244,AvgTemp10cm,0.48759932961612296,29,25
SPRUCE 2066,AvgTemp10cm,AvgTemp10cm,0.5106573290736063,0.31419199792454466,0.11571555079110545,AvgTemp10cm,0.5154601807967424,29,3
SPRUCE 505,AvgTemp10cm,AvgTemp10cm,1.1760875655258156,0.7315535827082863,0.11954301633073547,AvgTemp10cm,0.5245618925557646,29,25
SPRUCE 2197,AvgTemp10cm,AvgTemp10cm,0.7663434012930711,0.4846685657590542,0.1254843091034924,AvgTemp10cm,0.542535101123923,29,5
SPRUCE 176,AvgTemp10cm,AvgTemp10cm,1.133966320205004,0.7265025919363396,0.13020364647907964,AvgTemp10cm,0.5486847497459492,29,16
SPRUCE 2058,AvgTemp10cm,AvgTemp10cm,0.6209177379457803,0.40025591185764214,0.13247323964234334,AvgTemp10cm,0.5486847497459492,29,5
SPRUCE 2322,AvgTemp10cm,AvgTemp10cm,0.6448675120243409,0.4157305492995385,0.13250550078898773,AvgTemp10cm,0.5486847497459492,29,27
SPRUCE 421,AvgTemp10cm,AvgTemp10cm,0.5988629190096217,0.3902559116194697,0.1365331568490223,AvgTemp10cm,0.557510390466841,29,27
SPRUCE 2240,AvgTemp10cm,AvgTemp10cm,-0.973155320561562,0.651389717621428,0.14677979628722515,AvgTemp10cm,0.5596653212494583,29,6
SPRUCE 2174,AvgTemp10cm,AvgTemp10cm,0.67139905969590985,0.4555519421388165,0.1520960644550325,AvgTemp10cm,0.5596653212494583,29,5
SPRUCE 2187,AvgTemp10cm,AvgTemp10cm,0.0977737497876046,0.0648355932545859,0.14316107710118886,AvgTemp10cm,0.5596653212494583,29,2
SPRUCE 2069,AvgTemp10cm,AvgTemp10cm,1.389533493990538,0.9477428110281595,0.15415799177447517,AvgTemp10cm,0.5596653212494583,29,10
SPRUCE 109,AvgTemp10cm,AvgTemp10cm,0.6209267908113896,0.42354617886721074,0.15419350687485076,AvgTemp10cm,0.5596653212494583,29,28
SPRUCE 2104,AvgTemp10cm,AvgTemp10cm,-0.48182189307376394,0.32148146254165416,0.14553935785535602,AvgTemp10cm,0.5596653212494583,29,7
SPRUCE 2216,AvgTemp10cm,AvgTemp10cm,-0.5923872258828975,0.4034417472991916,0.15356825371410462,AvgTemp10cm,0.5596653212494583,29,9
SPRUCE 2081,AvgTemp10cm,AvgTemp10cm,0.5416767626765815,0.3582105741418949,0.14210716695928924,AvgTemp10cm,0.5596653212494583,29,27
SPRUCE 491,AvgTemp10cm,AvgTemp10cm,0.8846644048876825,0.5897741360122288,0.14521668974291588,AvgTemp10cm,0.5596653212494583,29,27
SPRUCE 2264,AvgTemp10cm,AvgTemp10cm,-0.9907011312668752,0.682358008505684,0.1580573084483566,AvgTemp10cm,0.559865646792974,29,17
SPRUCE 2286,AvgTemp10cm,AvgTemp10cm,-1.1996591901004776,0.8247347399327801,0.15730777595997114,AvgTemp10cm,0.559865646792974,29,13
SPRUCE 2157,AvgTemp10cm,AvgTemp10cm,1.0030209711521796,0.6983674237805879,0.16242126527182163,AvgTemp10cm,0.5684744284513757,29,20
SPRUCE 2,AvgTemp10cm,AvgTemp10cm,0.5312831143890366,0.3825162384311521,0.17620921014448138,AvgTemp10cm,0.6076159501753882,29,22
SPRUCE 2113,AvgTemp10cm,AvgTemp10cm,-0.9598529612783974,0.6936095930668449,0.17773799903089588,AvgTemp10cm,0.6076159501753882,29,12
SPRUCE 2307,AvgTemp10cm,AvgTemp10cm,0.11245007338532341,0.08166668649014482,0.17984142757265525,AvgTemp10cm,0.607739996624835,29,2
SPRUCE 439,AvgTemp10cm,AvgTemp10cm,-1.1100315354659862,0.8440016551456337,0.19950315394567292,AvgTemp10cm,0.6131783053009362,29,9
SPRUCE 112,AvgTemp10cm,AvgTemp10cm,0.7416872643037046,0.5626808618208251,0.1985337285025234,AvgTemp10cm,0.6131783053009362,29,16
SPRUCE 2045,AvgTemp10cm,AvgTemp10cm,0.3049777395469965,0.228872016056044,0.1938251309366941,AvgTemp10cm,0.6131783053009362,29,2
SPRUCE 2291,AvgTemp10cm,AvgTemp10cm,-0.4056406635682346,0.3089333528689648,0.20022148744520366,AvgTemp10cm,0.6131783053009362,29,6
SPRUCE 294,AvgTemp10cm,AvgTemp10cm,0.82150281032701,0.6180075695338363,0.19488030492640088,AvgTemp10cm,0.6131783053009362,29,27
SPRUCE 38,AvgTemp10cm,AvgTemp10cm,0.7968479680329943,0.5864779925605872,0.18548511510001392,AvgTemp10cm,0.6131783053009362,29,23
SPRUCE 140,AvgTemp10cm,AvgTemp10cm,0.741471297168445,0.5487555714722162,0.18784997341454931,AvgTemp10cm,0.6131783053009362,29,11
SPRUCE 171,AvgTemp10cm,AvgTemp10cm,0.58318385455249655,0.44308573259755596,0.19917634838594636,AvgTemp10cm,0.6131783053009362,29,28
SPRUCE 369,AvgTemp10cm,AvgTemp10cm,-0.5045651091850957,0.37678558808681695,0.1916935553831431,AvgTemp10cm,0.6131783053009362,29,4
SPRUCE 2290,AvgTemp10cm,AvgTemp10cm,-0.9582323567404394,0.7513272666496177,0.2130374915348548,AvgTemp10cm,0.6176305167231276,29,13
SPRUCE 296,AvgTemp10cm,AvgTemp10cm,0.9901280455377851,0.7706588789601986,0.20978222098997923,AvgTemp10cm,0.6176305167231276,29,23
SPRUCE 2234,AvgTemp10cm,AvgTemp10cm,0.5877991721734829,0.45859163956014193,0.21082880966489545,AvgTemp10cm,0.6176305167231276,29,22
SPRUCE 340,AvgTemp10cm,AvgTemp10cm,-1.058829111190755,0.8196372698868724,0.20736619922459162,AvgTemp10cm,0.6176305167231276,29,17
SPRUCE 318,AvgTemp10cm,AvgTemp10cm,0.9832466770050069,0.7630155179336574,0.20845880899197305,AvgTemp10cm,0.6176305167231276,29,24
SPRUCE 2059,AvgTemp10cm,AvgTemp10cm,1.09057760509774,0.8574875910309501,0.21427997518965652,AvgTemp10cm,0.6176305167231276,29,14
SPRUCE 502,AvgTemp10cm,AvgTemp10cm,0.9087835770324334,0.7258563332572003,0.22130186586192252,AvgTemp10cm,0.6316771705184973,29,25
SPRUCE 404,AvgTemp10cm,AvgTemp10cm,-1.1968403137337185,0.9641983635999232,0.22517867652490958,AvgTemp10cm,0.6365627970992637,29,14
SPRUCE 2245,AvgTemp10cm,AvgTemp10cm,-0.8387181912885507,0.6824171137487718,0.22966093166029217,AvgTemp10cm,0.643050608648818,29,13
SPRUCE 2222,AvgTemp10cm,AvgTemp10cm,-0.41693439091278944,0.3520260824727157,0.24658242485294507,AvgTemp10cm,0.6839172915732628,29,7
SPRUCE 471,AvgTemp10cm,AvgTemp10cm,1.2110333533135793,1.1111098853959294,0.28537576012271715,AvgTemp10cm,0.690445167334031,29,22
SPRUCE 2063,AvgTemp10cm,AvgTemp10cm,0.081384653319382,0.07614275525535079,0.2946036105033246,AvgTemp10cm,0.690445167334031,29,2
SPRUCE 320,AvgTemp10cm,AvgTemp10cm,0.49964189987937074,0.4775193892703404,0.30468684242564237,AvgTemp10cm,0.690445167334031,29,23
SPRUCE 479,AvgTemp10cm,AvgTemp10cm,-0.7736776020940499,0.6933782299333958,0.27433661046543034,AvgTemp10cm,0.690445167334031,29,14
SPRUCE 2190,AvgTemp10cm,AvgTemp10cm,0.5752450419886993,0.49771292614326235,0.2578979170621435,AvgTemp10cm,0.690445167334031,29,4
SPRUCE 337,AvgTemp10cm,AvgTemp10cm,0.5910930874657608,0.5656510545139741,0.30529888351504775,AvgTemp10cm,0.690445167334031,29,26
SPRUCE 683,AvgTemp10cm,AvgTemp10cm,0.6871881306908754,0.6385909617462346,0.2914042350502446,AvgTemp10cm,0.690445167334031,29,4
SPRUCE 2129,AvgTemp10cm,AvgTemp10cm,0.5526571066928875,0.49559384064339984,0.27461752370610504,AvgTemp10cm,0.690445167334031,29,25
SPRUCE 2246,AvgTemp10cm,AvgTemp10cm,-1.0216462720125545,0.9343526604427483,0.28386628942648573,AvgTemp10cm,0.690445167334031,29,6
SPRUCE 2080,AvgTemp10cm,AvgTemp10cm,0.3666161108531334,0.3505365664322792,0.3048938717482,AvgTemp10cm,0.690445167334031,29,2
SPRUCE 437,AvgTemp10cm,AvgTemp10cm,0.4392152528767931,0.4107466352013644,0.2943972594674056,AvgTemp10cm,0.690445167334031,29,25
SPRUCE 2257,AvgTemp10cm,AvgTemp10cm,0.5590296934816644,0.49009654858804824,0.2640318193824972,AvgTemp10cm,0.690445167334031,29,29
SPRUCE 2204,AvgTemp10cm,AvgTemp10cm,0.4651793729866918,0.3974503797470044,0.25206380593622335,AvgTemp10cm,0.690445167334031,29,3
SPRUCE 2061,AvgTemp10cm,AvgTemp10cm,0.08746752898806882,0.08225197909997212,0.2970151446778339,AvgTemp10cm,0.690445167334031,29,2
SPRUCE 2200,AvgTemp10cm,AvgTemp10cm,0.3775785206556902,0.34803126684722835,0.28755913311574804,AvgTemp10cm,0.690445167334031,29,3
SPRUCE 2070,AvgTemp10cm,AvgTemp10cm,0.10206854774376604,0.0973110418400456,0.3035275411954753,AvgTemp10cm,0.690445167334031,29,2
SPRUCE 2237,AvgTemp10cm,AvgTemp10cm,-0.5115582432316339,0.4766560746163722,0.2926698358960051,AvgTemp10cm,0.690445167334031,29,6
SPRUCE 2211,AvgTemp10cm,AvgTemp10cm,-0.5014350778289006,0.47007726153325624,0.29554960893690096,AvgTemp10cm,0.690445167334031,29,6
SPRUCE 595,AvgTemp10cm,AvgTemp10cm,-0.668170600938008,0.6145063932449463,0.2865031777149176,AvgTemp10cm,0.690445167334031,29,16
SPRUCE 305,AvgTemp10cm,AvgTemp10cm,-0.6727003462844096,0.5947280760253184,0.2679577714226441,AvgTemp10cm,0.690445167334031,29,16
SPRUCE 224,AvgTemp10cm,AvgTemp10cm,-0.7279348551694967,0.6469115087340543,0.27038830477047715,AvgTemp10cm,0.690445167334031,29,14
SPRUCE 451,AvgTemp10cm,AvgTemp10cm,0.7549520957042716,0.7103914750710139,0.29731906144175246,AvgTemp10cm,0.690445167334031,29,21
SPRUCE 2199,AvgTemp10cm,AvgTemp10cm,0.08392393014963673,0.07867851329325597,0.29556682067378925,AvgTemp10cm,0.690445167334031,29,2
SPRUCE 2161,AvgTemp10cm,AvgTemp10cm,0.03831569111344713,0.03496806290782347,0.282873199244053,AvgTemp10cm,0.690445167334031,29,1
SPRUCE 549,AvgTemp10cm,AvgTemp10cm,0.513770363933969,0.5030485087901855,0.3161702386708603,AvgTemp10cm,0.6926710263867126,29,27
SPRUCE 415,AvgTemp10cm,AvgTemp10cm,0.6691515511219172,0.655639607979739,0.31649816392224156,AvgTemp10cm,0.6926710263867126,29,26
SPRUCE 303,AvgTemp10cm,AvgTemp10cm,-0.8569512930874432,0.8408629971807171,0.31718538207197966,AvgTemp10cm,0.6926710263867126,29,16
SPRUCE 273,AvgTemp10cm,AvgTemp10cm,0.7926932825449239,0.785296862032116,0.32173502432435014,AvgTemp10cm,0.6926710263867126,29,13
SPRUCE 2028,AvgTemp10cm,AvgTemp10cm,-0.4265397342128006,0.42449461801054644,0.32390541395047534,AvgTemp10cm,0.6926710263867126,29,17
SPRUCE 2020,AvgTemp10cm,AvgTemp10cm,-0.5039254427709987,0.5025988811897483,0.324936531387122,AvgTemp10cm,0.6926710263867126,29,10
SPRUCE 2055,AvgTemp10cm,AvgTemp10cm,0.15945151407788205,0.15909697135975584,0.3251312980998855,AvgTemp10cm,0.6926710263867126,29,2
SPRUCE 401,AvgTemp10cm,AvgTemp10cm,-0.624302565284789,0.6199024251014125,0.3228284357522233,AvgTemp10cm,0.6926710263867126,29,13
SPRUCE 513,AvgTemp10cm,AvgTemp10cm,-1.0697274636411958,1.0745478808366162,0.32832505183252403,AvgTemp10cm,0.6944429153867775,29,11
SPRUCE 2079,AvgTemp10cm,AvgTemp10cm,0.1838009084089537,0.18586821470661002,0.33150274460554063,AvgTemp10cm,0.6961557636716353,29,2
SPRUCE 2064,AvgTemp10cm,AvgTemp10cm,0.2081474708165173,0.21278618976990335,0.3366593387407293,AvgTemp10cm,0.6970270816181297,29,2
SPRUCE 2242,AvgTemp10cm,AvgTemp10cm,-0.687852072949397,0.6998720679995794,0.33441891211000396,AvgTemp10cm,0.6970270816181297,29,16
SPRUCE 2270,AvgTemp10cm,AvgTemp10cm,0.46424715113982035,0.47883203713397426,0.3408811347430001,AvgTemp10cm,0.7001722614532342,29,6
SPRUCE 2078,AvgTemp10cm,AvgTemp10cm,0.25029702534386855,0.2592835403593507,0.34294151581382903,AvgTemp10cm,0.7001722614532342,29,3
SPRUCE 2072,AvgTemp10cm,AvgTemp10cm,0.310860055545373,0.332016858713141,0.35742971054526107,AvgTemp10cm,0.7008925172062993,29,3
SPRUCE 2082,AvgTemp10cm,AvgTemp10cm,0.34404876939956824,0.36424466488014706,0.35326308515044735,AvgTemp10cm,0.7008925172062993,29,2
SPRUCE 160,AvgTemp10cm,AvgTemp10cm,0.45915772566312524,0.4905821802372049,0.35759822306443845,AvgTemp10cm,0.7008925172062993,29,27
SPRUCE 242,AvgTemp10cm,AvgTemp10cm,-0.5251749804665619,0.5559401010974938,0.35320940473678153,AvgTemp10cm,0.7008925172062993,29,17
SPRUCE 643,AvgTemp10cm,AvgTemp10cm,-0.4191140860244801,0.4444711682064066,0.3540680998299244,AvgTemp10cm,0.7008925172062993,29,16
SPRUCE 2213,AvgTemp10cm,AvgTemp10cm,-0.8875628963094911,0.9341300513418394,0.3504646556100013,AvgTemp10cm,0.7008925172062993,29,13
SPRUCE 2131,AvgTemp10cm,AvgTemp10cm,0.6231043739244296,0.6759844829943815,0.3648106624228299,AvgTemp10cm,0.7043297785356952,29,16
SPRUCE 2308,AvgTemp10cm,AvgTemp10cm,0.6039816766555454,0.6520087493279706,0.3624760780484929,AvgTemp10cm,0.7043297785356952,29,8
SPRUCE 2169,AvgTemp10cm,AvgTemp10cm,0.648716378448567,0.7063511771549262,0.36653896638082095,AvgTemp10cm,0.7043297785356952,29,18
SPRUCE 2050,AvgTemp10cm,AvgTemp10cm,0.48802113150569865,0.5423266331888124,0.3761479334547766,AvgTemp10cm,0.7105794231072001,29,5
SPRUCE 599,AvgTemp10cm,AvgTemp10cm,0.9045101551612851,1.0174915367201403,0.38187601649978786,AvgTemp10cm,0.7105794231072001,29,23
SPRUCE 2056,AvgTemp10cm,AvgTemp10cm,0.031348033538204007,0.035224181200681125,0.3813500288029994,AvgTemp10cm,0.7105794231072001,29,1
SPRUCE 2166,AvgTemp10cm,AvgTemp10cm,0.7489756046006392,0.8343649149178156,0.37730225232251513,AvgTemp10cm,0.7105794231072001,29,12
SPRUCE 2077,AvgTemp10cm,AvgTemp10cm,0.03134803353820276,0.035224181200681146,0.38135002880301827,AvgTemp10cm,0.7105794231072001,29,1
SPRUCE 2062,AvgTemp10cm,AvgTemp10cm,0.2595153685984362,0.298251527120241,0.3919038047169531,AvgTemp10cm,0.7246523181558755,29,3
SPRUCE 116,AvgTemp10cm,AvgTemp10cm,0.858588050971708,1.0289076854279307,0.41134135447049036,AvgTemp10cm,0.7341863864732684,29,19
SPRUCE 97,AvgTemp10cm,AvgTemp10cm,-0.5563751523290228,0.6546566959640424,0.40286909889640343,AvgTemp10cm,0.7341863864732684,29,15
SPRUCE 571,AvgTemp10cm,AvgTemp10cm,0.32584218735262654,0.39107419554118306,0.412043380163569,AvgTemp10cm,0.7341863864732684,29,26
SPRUCE 2163,AvgTemp10cm,AvgTemp10cm,0.3018245584299443,0.3601624878743986,0.40937518795402916,AvgTemp10cm,0.7341863864732684,29,23
SPRUCE 2109,AvgTemp10cm,AvgTemp10cm,-0.3200294288516587,0.3795603407399232,0.4065478120927204,AvgTemp10cm,0.7341863864732684,29,9
SPRUCE 2219,AvgTemp10cm,AvgTemp10cm,-0.3917688484194997,0.46744944599703353,0.4093334960773829,AvgTemp10cm,0.7341863864732684,29,6
SPRUCE 2149,AvgTemp10cm,AvgTemp10cm,0.41749736897195266,0.510093933960672,0.4202533345681384,AvgTemp10cm,0.7366536772639685,29,10
SPRUCE 170,AvgTemp10cm,AvgTemp10cm,-0.42542761679614044,0.5198433400526731,0.42030660162652356,AvgTemp10cm,0.7366536772639685,29,18
SPRUCE 2108,AvgTemp10cm,AvgTemp10cm,-0.4054867224130933,0.49616652783611576,0.42094495843655344,AvgTemp10cm,0.7366536772639685,29,9
SPRUCE 2172,AvgTemp10cm,AvgTemp10cm,0.5175630359890204,0.6383226274307084,0.4245604052521966,AvgTemp10cm,0.7385843736339989,29,13
SPRUCE 2269,AvgTemp10cm,AvgTemp10cm,0.2153871301212728,0.27737316563937325,0.4441891278404976,AvgTemp10cm,0.7681859034418017,29,8
SPRUCE 234,AvgTemp10cm,AvgTemp10cm,-0.5187563902382489,0.6910450349220741,0.45933566939075277,AvgTemp10cm,0.7851435279121006,29,14
SPRUCE 2024,AvgTemp10cm,AvgTemp10cm,-0.34510097620510616,0.45706697691570236,0.4567648391571153,AvgTemp10cm,0.7851435279121006,29,18
SPRUCE 456,AvgTemp10cm,AvgTemp10cm,0.4799132943727101,0.6757074344601774,0.48364624321050775,AvgTemp10cm,0.7858996441247355,29,24
SPRUCE 382,AvgTemp10cm,AvgTemp10cm,0.5145565060279247,0.7205631263284853,0.4812916491564351,AvgTemp10cm,0.7858996441247355,29,24
SPRUCE 503,AvgTemp10cm,AvgTemp10cm,0.3677316471393991,0.5006961698231388,0.46901111951577834,AvgTemp10cm,0.7858996441247355,29,26
SPRUCE 2051,AvgTemp10cm,AvgTemp10cm,0.39118314568986046,0.5259296548221897,0.4634254349494331,AvgTemp10cm,0.7858996441247355,29,6
SPRUCE 2267,AvgTemp10cm,AvgTemp10cm,-0.590144026887839,0.8380324262836097,0.4873368386114587,AvgTemp10cm,0.7858996441247355,29,11
SPRUCE 434,AvgTemp10cm,AvgTemp10cm,-0.4965922161312694,0.7067822061941506,0.48831280807518096,AvgTemp10cm,0.7858996441247355,29,18
SPRUCE 2305,AvgTemp10cm,AvgTemp10cm,-0.46076882481542525,0.6571212492420498,0.48918243154702923,AvgTemp10cm,0.7858996441247355,29,17
SPRUCE 2121,AvgTemp10cm,AvgTemp10cm,-0.4547148091207457,0.6471134582702719,0.4882687783979932,AvgTemp10cm,0.7858996441247355,29,16
SPRUCE 2238,AvgTemp10cm,AvgTemp10cm,-0.3333468437899332,0.47278749680754345,0.48680696365264975,AvgTemp10cm,0.7858996441247355,29,7
SPRUCE 335,AvgTemp10cm,AvgTemp10cm,0.44975658024685855,0.6073881215533028,0.4654020365279875,AvgTemp10cm,0.7858996441247355,29,26
SPRUCE 2243,AvgTemp10cm,AvgTemp10cm,-0.39146259265597944,0.5414709636482543,0.4759201786923173,AvgTemp10cm,0.7858996441247355,29,9
SPRUCE 557,AvgTemp10cm,AvgTemp10cm,0.3533461406335396,0.509976994340689,0.49431020938864334,AvgTemp10cm,0.7896245562187834,29,23
SPRUCE 2253,AvgTemp10cm,AvgTemp10cm,-0.6142842299073358,0.9032534589624892,0.5022441905201105,AvgTemp10cm,0.7896245562187834,29,18
SPRUCE 450,AvgTemp10cm,AvgTemp10cm,-0.419910816808326,0.6174413462546281,0.5022426083310956,AvgTemp10cm,0.7896245562187834,29,16
SPRUCE 129,AvgTemp10cm,AvgTemp10cm,-0.8200114709901768,1.193231193078533,0.49780553869140576,AvgTemp10cm,0.7896245562187834,29,18
SPRUCE 583,AvgTemp10cm,AvgTemp10cm,0.38275218719849674,0.6441777851442078,0.5573435270307701,AvgTemp10cm,0.8141690298275417,29,18
SPRUCE 2202,AvgTemp10cm,AvgTemp10cm,0.33346765307043374,0.5687424084058169,0.562527644303605,AvgTemp10cm,0.8141690298275417,29,6
SPRUCE 486,AvgTemp10cm,AvgTemp10cm,0.3727938526354613,0.639367414736102,0.5646871364135694,AvgTemp10cm,0.8141690298275417,29,27
SPRUCE 619,AvgTemp10cm,AvgTemp10cm,0.2785363772427836,0.4797503518035258,0.5663342474202119,AvgTemp10cm,0.8141690298275417,29,24
SPRUCE 637,AvgTemp10cm,AvgTemp10cm,0.6245015383307343,0.9624706751540041,0.5219149321685823,AvgTemp10cm,0.8141690298275417,29,14
SPRUCE 2094,AvgTemp10cm,AvgTemp10cm,-0.5925035806089727,1.0131891339017869,0.5635438578826029,AvgTemp10cm,0.8141690298275417,29,11
SPRUCE 2124,AvgTemp10cm,AvgTemp10cm,0.3302924029390265,0.5651255223632758,0.5637640800508448,AvgTemp10cm,0.8141690298275417,29,16
SPRUCE 2206,AvgTemp10cm,AvgTemp10cm,-0.4386965697290115,0.7408413474773449,0.5586702112087425,AvgTemp10cm,0.8141690298275417,29,10
SPRUCE 2178,AvgTemp10cm,AvgTemp10cm,-0.40635920249594093,0.6947284653548146,0.5634594659975347,AvgTemp10cm,0.8141690298275417,29,15
SPRUCE 2092,AvgTemp10cm,AvgTemp10cm,-0.021211467671788165,0.035503172659427526,0.5551832188431074,AvgTemp10cm,0.8141690298275417,29,1
SPRUCE 2095,AvgTemp10cm,AvgTemp10cm,-0.2682595620935322,0.4224299314653228,0.5307481361164665,AvgTemp10cm,0.8141690298275417,29,2
SPRUCE 662,AvgTemp10cm,AvgTemp10cm,-0.7025139043311077,1.2189525214583812,0.5691686409696816,AvgTemp10cm,0.8141690298275417,29,16
SPRUCE 2177,AvgTemp10cm,AvgTemp10cm,0.3794012518774912,0.5892396030954214,0.5250836973236295,AvgTemp10cm,0.8141690298275417,29,9
SPRUCE 2036,AvgTemp10cm,AvgTemp10cm,0.38802445267206315,0.6179198087608236,0.535310610341625,AvgTemp10cm,0.8141690298275417,29,10
SPRUCE 39,AvgTemp10cm,AvgTemp10cm,0.41710108694600545,0.7151540936525156,0.5645771591312667,AvgTemp10cm,0.8141690298275417,29,10
SPRUCE 2093,AvgTemp10cm,AvgTemp10cm,-0.021211467671789806,0.0355031726594275,0.5551832188430768,AvgTemp10cm,0.8141690298275417,29,1
SPRUCE 697,AvgTemp10cm,AvgTemp10cm,0.3165500566534469,0.5037718659413789,0.5350478970202279,AvgTemp10cm,0.8141690298275417,29,22
SPRUCE 2120,AvgTemp10cm,AvgTemp10cm,0.49949033227432327,0.8246012040047026,0.5497489276579064,AvgTemp10cm,0.8141690298275417,29,24
SPRUCE 2217,AvgTemp10cm,AvgTemp10cm,-0.31652551962376296,0.5510827348436115,0.570472177362155,AvgTemp10cm,0.8141690298275417,29,11
SPRUCE 2037,AvgTemp10cm,AvgTemp10cm,0.7346050471843925,1.2964389007577568,0.5756440849604568,AvgTemp10cm,0.8175814540018083,29,16
SPRUCE 2188,AvgTemp10cm,AvgTemp10cm,0.019697872767252975,0.03553545565328342,0.5839252297487492,AvgTemp10cm,0.8253558535871743,29,1
SPRUCE 670,AvgTemp10cm,AvgTemp10cm,0.3301639943971549,0.6087914005919717,0.5920418019917497,AvgTemp10cm,0.832824353041026,29,16
SPRUCE 2232,AvgTemp10cm,AvgTemp10cm,0.27282799658230444,0.5096753253171998,0.5968259585114095,AvgTemp10cm,0.8355563419159733,29,14
SPRUCE 200,AvgTemp10cm,AvgTemp10cm,-0.3523198622730838,0.6672225160658073,0.6017852389609901,AvgTemp10cm,0.8385064467039388,29,23
SPRUCE 2103,AvgTemp10cm,AvgTemp10cm,-0.32599031136448814,0.6498034811852297,0.6199623570535608,AvgTemp10cm,0.8441727728890465,29,16
SPRUCE 205,AvgTemp10cm,AvgTemp10cm,0.2950741726338015,0.5959075741426341,0.6244876824309382,AvgTemp10cm,0.8441727728890465,29,23
SPRUCE 417,AvgTemp10cm,AvgTemp10cm,-0.22150449420723772,0.45230923401449313,0.6282881229654337,AvgTemp10cm,0.8441727728890465,29,10
SPRUCE 122,AvgTemp10cm,AvgTemp10cm,0.29777444460666175,0.5847774001255431,0.6147417112038794,AvgTemp10cm,0.8441727728890465,29,21
SPRUCE 348,AvgTemp10cm,AvgTemp10cm,0.3756360432127488,0.7521746365149,0.6215428011893339,AvgTemp10cm,0.8441727728890465,29,19
SPRUCE 2130,AvgTemp10cm,AvgTemp10cm,0.22283317212235562,0.4429448397213727,0.6189929790094975,AvgTemp10cm,0.8441727728890465,29,8
SPRUCE 581,AvgTemp10cm,AvgTemp10cm,-0.26551957218391353,0.5430357491968508,0.6288225757234733,AvgTemp10cm,0.8441727728890465,29,17
SPRUCE 2067,AvgTemp10cm,AvgTemp10cm,0.3366323398821684,0.6629733103337849,0.6157436806195169,AvgTemp10cm,0.8441727728890465,29,23
SPRUCE 391,AvgTemp10cm,AvgTemp10cm,0.25774366534579324,0.5388423820335279,0.6362669131519434,AvgTemp10cm,0.8502839657575971,29,22
SPRUCE 2272,AvgTemp10cm,AvgTemp10cm,0.3823321823147112,0.8183650649852802,0.6441122489936648,AvgTemp10cm,0.8553262114819274,29,22
SPRUCE 63,AvgTemp10cm,AvgTemp10cm,0.2967039446791157,0.6535047702560902,0.6534434439529064,AvgTemp10cm,0.8553262114819274,29,21
SPRUCE 2087,AvgTemp10cm,AvgTemp10cm,0.34911763260412026,0.7716808715612227,0.6545863863382098,AvgTemp10cm,0.8553262114819274,29,22
SPRUCE 2143,AvgTemp10cm,AvgTemp10cm,-0.31423762345430095,0.680307795211082,0.647849697317331,AvgTemp10cm,0.8553262114819274,29,19
SPRUCE 363,AvgTemp10cm,AvgTemp10cm,0.22576159509880975,0.49811682351174813,0.654004518593313,AvgTemp10cm,0.8553262114819274,29,21
SPRUCE 2255,AvgTemp10cm,AvgTemp10cm,0.210465146362549,0.5005447190114523,0.677468274020324,AvgTemp10cm,0.8564544016491825,29,20
SPRUCE 181,AvgTemp10cm,AvgTemp10cm,-0.1613833259752958,0.37815499709607514,0.6729342225178304,AvgTemp10cm,0.8564544016491825,29,18
SPRUCE 2323,AvgTemp10cm,AvgTemp10cm,0.17777529684226648,0.4245989170812319,0.6787546788580257,AvgTemp10cm,0.8564544016491825,29,19
SPRUCE 2098,AvgTemp10cm,AvgTemp10cm,-0.23208348434432113,0.5469045837495092,0.6746668468023055,AvgTemp10cm,0.8564544016491825,29,13
SPRUCE 2189,AvgTemp10cm,AvgTemp10cm,0.15031075906511535,0.3531761138295164,0.6737747245425907,AvgTemp10cm,0.8564544016491825,29,6
SPRUCE 85,AvgTemp10cm,AvgTemp10cm,-0.22379783563217645,0.5180244842796704,0.6691562888529982,AvgTemp10cm,0.8564544016491825,29,15
SPRUCE 2048,AvgTemp10cm,AvgTemp10cm,0.23146025761494754,0.5248298774246475,0.6627101690274367,AvgTemp10cm,0.8564544016491825,29,13
SPRUCE 2021,AvgTemp10cm,AvgTemp10cm,-0.17154943177723897,0.40742598939897895,0.6770466398181063,AvgTemp10cm,0.8564544016491825,29,13
SPRUCE 666,AvgTemp10cm,AvgTemp10cm,0.30068634253560045,0.7424961659935838,0.6886925924884959,AvgTemp10cm,0.8613822962818076,29,18
SPRUCE 95,AvgTemp10cm,AvgTemp10cm,0.28219496964329066,0.7008861172972033,0.6903935344798886,AvgTemp10cm,0.8613822962818076,29,22
SPRUCE 173,AvgTemp10cm,AvgTemp10cm,-0.21429217701923264,0.5341632391037293,0.6914497344302946,AvgTemp10cm,0.8613822962818076,29,18
SPRUCE 71,AvgTemp10cm,AvgTemp10cm,-0.15818678866738173,0.4229910863647397,0.7113459727675766,AvgTemp10cm,0.8725481359829427,29,26
SPRUCE 179,AvgTemp10cm,AvgTemp10cm,-0.2931567862441665,0.7865833809998921,0.7122841926391368,AvgTemp10cm,0.8725481359829427,29,19
SPRUCE 338,AvgTemp10cm,AvgTemp10cm,-0.2555180361938693,0.6696876370081003,0.7057828610062513,AvgTemp10cm,0.8725481359829427,29,18
SPRUCE 2043,AvgTemp10cm,AvgTemp10cm,0.31664935081823725,0.8382747091441886,0.7085775230695338,AvgTemp10cm,0.8725481359829427,29,15
SPRUCE 259,AvgTemp10cm,AvgTemp10cm,0.2606522548546472,0.7157929539509403,0.7185861881434215,AvgTemp10cm,0.8766155158264146,29,19
SPRUCE 2247,AvgTemp10cm,AvgTemp10cm,0.16616778003371918,0.4727071587428807,0.7279240183108889,AvgTemp10cm,0.8806981949934212,29,21
SPRUCE 2262,AvgTemp10cm,AvgTemp10cm,0.1463714893735441,0.41596141425401123,0.7276545033815842,AvgTemp10cm,0.8806981949934212,29,5
SPRUCE 2182,AvgTemp10cm,AvgTemp10cm,-0.23816027250904462,0.6943205369517533,0.7342458071974056,AvgTemp10cm,0.8810949686368867,29,19
SPRUCE 2026,AvgTemp10cm,AvgTemp10cm,-0.16612224936304515,0.4813624514248019,0.7326869510314786,AvgTemp10cm,0.8810949686368867,29,17
SPRUCE 2138,AvgTemp10cm,AvgTemp10cm,-0.22548184194080256,0.7040379031932509,0.7512295234150548,AvgTemp10cm,0.8978108938375045,29,19
SPRUCE 648,AvgTemp10cm,AvgTemp10cm,0.3193713183708549,1.0869657141527482,0.7711429572990557,AvgTemp10cm,0.9052501719258916,29,20
SPRUCE 2141,AvgTemp10cm,AvgTemp10cm,0.19724727692446745,0.6624230430296012,0.7681607500695823,AvgTemp10cm,0.9052501719258916,29,20
SPRUCE 156,AvgTemp10cm,AvgTemp10cm,-0.16402941216194894,0.535205399706616,0.7615907120386195,AvgTemp10cm,0.9052501719258916,29,17
SPRUCE 2112,AvgTemp10cm,AvgTemp10cm,0.20262022311851732,0.6810859035055653,0.7683649950285011,AvgTemp10cm,0.9052501719258916,29,12
SPRUCE 2086,AvgTemp10cm,AvgTemp10cm,-0.09138649011240282,0.3134372365805346,0.7728496365761863,AvgTemp10cm,0.9052501719258916,29,4
SPRUCE 2083,AvgTemp10cm,AvgTemp10cm,-0.1254761302443763,0.45580011292276057,0.7851910731639358,AvgTemp10cm,0.9160562520245918,29,8
SPRUCE 347,AvgTemp10cm,AvgTemp10cm,0.21919840578397815,0.8580931341097873,0.8003128646930532,AvgTemp10cm,0.930007834860702,29,24
SPRUCE 620,AvgTemp10cm,AvgTemp10cm,-0.1324847457587564,0.5469576443509461,0.8104391993884852,AvgTemp10cm,0.9311085120561641,29,18
SPRUCE 2244,AvgTemp10cm,AvgTemp10cm,-0.18344771975837673,0.765905939683623,0.8125134555873397,AvgTemp10cm,0.9311085120561641,29,11
SPRUCE 2100,AvgTemp10cm,AvgTemp10cm,0.20614233739410356,0.8706906066299863,0.8146321809727365,AvgTemp10cm,0.9311085120561641,29,20
SPRUCE 436,AvgTemp10cm,AvgTemp10cm,0.15377842412349213,0.658435979258851,0.8170952248656134,AvgTemp10cm,0.9311085120561641,29,27
SPRUCE 2314,AvgTemp10cm,AvgTemp10cm,0.17354229588970477,0.7302323405788662,0.8139440131230601,AvgTemp10cm,0.9311085120561641,29,23
SPRUCE 623,AvgTemp10cm,AvgTemp10cm,-0.26665823699078983,1.1679086720540528,0.8211169929227053,AvgTemp10cm,0.932078748723071,29,13
SPRUCE 2215,AvgTemp10cm,AvgTemp10cm,0.11655035715054395,0.5203793357568423,0.8244652985989774,AvgTemp10cm,0.9322799914926898,29,28
SPRUCE 154,AvgTemp10cm,AvgTemp10cm,-0.12859199308568062,0.6640367908119196,0.8478979662429927,AvgTemp10cm,0.9463814005370038,29,19
SPRUCE 527,AvgTemp10cm,AvgTemp10cm,0.1274852042090649,0.6738064164361769,0.8513499624460409,AvgTemp10cm,0.9463814005370038,29,22
SPRUCE 2224,AvgTemp10cm,AvgTemp10cm,-0.2045413467659917,1.0381458836483874,0.8452831452107131,AvgTemp10cm,0.9463814005370038,29,9
SPRUCE 2090,AvgTemp10cm,AvgTemp10cm,-0.09716137079564915,0.5367516510911686,0.8577059256617106,AvgTemp10cm,0.9463814005370038,29,17
SPRUCE 2196,AvgTemp10cm,AvgTemp10cm,-0.07930596406049724,0.4444440293526507,0.8597106949683256,AvgTemp10cm,0.9463814005370038,29,5
SPRUCE 298,AvgTemp10cm,AvgTemp10cm,0.1196695803610079,0.7680685738564104,0.877345113234816,AvgTemp10cm,0.9463814005370038,29,23
SPRUCE 2218,AvgTemp10cm,AvgTemp10cm,-0.11243694971389176,0.6042633574122198,0.853778640935472,AvgTemp10cm,0.9463814005370038,29,11
SPRUCE 448,AvgTemp10cm,AvgTemp10cm,-0.11017285341092457,0.6979586635685359,0.8757495305245866,AvgTemp10cm,0.9463814005370038,29,19
SPRUCE 2105,AvgTemp10cm,AvgTemp10cm,-0.06071632250516264,0.3704047331888794,0.8710159219392911,AvgTemp10cm,0.9463814005370038,29,4
SPRUCE 2052,AvgTemp10cm,AvgTemp10cm,0.08707763429008362,0.44370430240082964,0.8458829822506512,AvgTemp10cm,0.9463814005370038,29,6
SPRUCE 5,AvgTemp10cm,AvgTemp10cm,0.06715758687460692,0.40740339622072613,0.8702955419662949,AvgTemp10cm,0.9463814005370038,29,22
SPRUCE 2261,AvgTemp10cm,AvgTemp10cm,0.09819093979404857,0.6168182324444952,0.8747044598421936,AvgTemp10cm,0.9463814005370038,29,17
SPRUCE 2038,AvgTemp10cm,AvgTemp10cm,0.09573852938642635,0.6218218573365858,0.878782729070075,AvgTemp10cm,0.9463814005370038,29,13
SPRUCE 185,AvgTemp10cm,AvgTemp10cm,0.13614839731331752,0.961323037973954,0.888426842511963,AvgTemp10cm,0.9467545460396974,29,19
SPRUCE 2227,AvgTemp10cm,AvgTemp10cm,0.07984465212620863,0.5785052163423645,0.8912496720471912,AvgTemp10cm,0.9467545460396974,29,20
SPRUCE 131,AvgTemp10cm,AvgTemp10cm,-0.09591321396240789,0.6998546802543721,0.8920102355544088,AvgTemp10cm,0.9467545460396974,29,17
SPRUCE 202,AvgTemp10cm,AvgTemp10cm,-0.09414107601816124,0.6338129947798496,0.8830272582942604,AvgTemp10cm,0.9467545460396974,29,18
SPRUCE 510,AvgTemp10cm,AvgTemp10cm,-0.1286963680477404,0.9872192165732087,0.8972460539665639,AvgTemp10cm,0.9488861146265101,29,22
SPRUCE 550,AvgTemp10cm,AvgTemp10cm,-0.0639491582604545,0.549122884736035,0.9081523378366445,AvgTemp10cm,0.956977732343991,29,17
SPRUCE 2198,AvgTemp10cm,AvgTemp10cm,0.07980950315910672,0.7233746782708812,0.9129641414469449,AvgTemp10cm,0.9586123485192922,29,13
SPRUCE 630,AvgTemp10cm,AvgTemp10cm,-0.06757958112966034,0.7506488612547884,0.928929331331692,AvgTemp10cm,0.958667522926427,29,18
SPRUCE 2132,AvgTemp10cm,AvgTemp10cm,0.07137304478550278,0.7786339695114919,0.9276413713366521,AvgTemp10cm,0.958667522926427,29,20
SPRUCE 2071,AvgTemp10cm,AvgTemp10cm,0.07617160546051742,0.7471391808991359,0.9195489394471833,AvgTemp10cm,0.958667522926427,29,23
SPRUCE 174,AvgTemp10cm,AvgTemp10cm,0.06366420001578856,0.7110834965262004,0.9293205579388832,AvgTemp10cm,0.958667522926427,29,14
SPRUCE 2039,AvgTemp10cm,AvgTemp10cm,0.038497779848637614,0.42669268817216005,0.9287754721781296,AvgTemp10cm,0.958667522926427,29,12
SPRUCE 2221,AvgTemp10cm,AvgTemp10cm,-0.07980400063259818,0.9356780267981242,0.9326601342515861,AvgTemp10cm,0.9587485296152668,29,17
SPRUCE 2241,AvgTemp10cm,AvgTemp10cm,-0.03491237565985416,0.6568877240083851,0.9580051528221759,AvgTemp10cm,0.9645668319510949,29,3
SPRUCE 2136,AvgTemp10cm,AvgTemp10cm,-0.03146389748634464,0.5884951355297938,0.9577550446339052,AvgTemp10cm,0.9645668319510949,29,19
SPRUCE 2040,AvgTemp10cm,AvgTemp10cm,-0.01882822159743372,0.3476404143386321,0.9572064175996291,AvgTemp10cm,0.9645668319510949,29,3
SPRUCE 556,AvgTemp10cm,AvgTemp10cm,-0.031132377756933085,0.578422315235039,0.9574725262207289,AvgTemp10cm,0.9645668319510949,29,20
SPRUCE 2230,AvgTemp10cm,AvgTemp10cm,0.028189691851286034,0.46951033867484654,0.9525654934270946,AvgTemp10cm,0.9645668319510949,29,4
SPRUCE 2236,AvgTemp10cm,AvgTemp10cm,0.017128891577325896,0.27467997338841454,0.9507359411425875,AvgTemp10cm,0.9645668319510949,29,2
SPRUCE 2225,AvgTemp10cm,AvgTemp10cm,-0.03895597627261115,0.8663040352624567,0.9644637393267085,AvgTemp10cm,0.9677554244438645,29,6
SPRUCE 2268,AvgTemp10cm,AvgTemp10cm,0.01691434005686161,0.7230492916379806,0.9815087695390161,AvgTemp10cm,0.9815087695390161,29,17
