genome,metabolite,methanogen,weight_genome_metab,weight_metab_methanogen,sign_genome_metab,sign_metab_methanogen,FeatureID,Feature,Final_name,InChIKey,KEGG_id,KEGG_name,KEGG_formula,KEGG_pathway,Kingdom,Superclass,Class,Subclass,Parent.Level.1,Parent.Level.2,Parent.Level.3,Parent.Level.4,Parent.Level.5,Annotation_Confidence,Annotation_Confidence_sublevel
SPRUCE 275,RP_1.632_360.14986,SPRUCE 2026,0.026843353187706347,-0.020111343475153847,positive,negative,Feature3816,RP_1.632_360.14986,D-(+)-Turanose,"SEWFWJUQVJHATO-PUVWEJBASA-NSEWFWJUQVJHATO-KQTFWTRUSA-N
SEWFWJUQVJHATO-UHFFFAOYSA-N
SEWFWJUQVJHATO-UGDNZRGBSA-N
SEWFWJUQVJHATO-YXSCGFAXSA-N
",NA,NA,NA,NA,NA,NA,NA,NA,NA,NA,NA,NA,NA,L1,L1
SPRUCE 275,RP_11.548_249.11198,SPRUCE 2026,0.013789673683951158,-0.0703505840097351,positive,negative,Feature1940,RP_11.548_249.11198,"5-Hydroxy-4-methoxy-6-(2-phenylethyl)-5,6-dihydro-2H-pyran-2-one (stereochemistry unresolved)",VJCNEDVMYQCMBK-SMDDNHRTSA-N,NA,NA,NA,NA,Organic compounds,Phenylpropanoids and polyketides,Kavalactones,,Kavalactones,,,,,L2,L2
SPRUCE 275,RP_11.741_249.11198,SPRUCE 556,0.019045467349221242,-0.01143001612489418,positive,negative,Feature1939,RP_11.741_249.11198,"5-Hydroxy-4-methoxy-6-(2-phenylethyl)-5,6-dihydro-2H-pyran-2-one (stereochemistry unresolved)",VJCNEDVMYQCMBK-FZMZJTMJSA-N,NA,NA,NA,NA,Organic compounds,Phenylpropanoids and polyketides,Kavalactones,,Kavalactones,,,,,L2,L2
SPRUCE 275,RP_5.641_174.12357,SPRUCE 510,0.013851678157942655,-0.04902084143114192,positive,negative,Feature0620,RP_5.641_174.12357,Indospicine,SILQDLDAWPQMEL-YFKPBYRVSA-N,cpd:C08288,Indospicine;L-Indospicine,C7H15N3O2,NA,Organic compounds,Organic acids and derivatives,Carboxylic acids and derivatives,"Amino acids, peptides, and analogues",Amino acids and derivatives,Alpha amino acids and derivatives,Alpha amino acids,L-alpha-amino acids,,L3,L2.2
SPRUCE 2053,RP_8.516_384.11481,SPRUCE 556,6.799638105204828e-4,0.002831075314875406,positive,positive,Feature4275,RP_8.516_384.11481,Succinyladenosine,VKGZCEJTCKHMRL-VWJPMABRSA-N,NA,NA,NA,NA,Organic compounds,"Nucleosides, nucleotides, and analogues",Purine nucleosides,,Purine nucleosides,,,,,L3,L2.1
SPRUCE 689,RP_17.086_297.14839,SPRUCE 2021,-5.699644940187105e-4,0.010909442385263597,negative,positive,Feature2892,RP_17.086_297.14839,"1-(4-Hydroxyphenyl)-7-phenylhepta-3,5-dione",NHWUJCHOBBGHCP-UHFFFAOYSA-N,NA,NA,NA,NA,Organic compounds,Phenylpropanoids and polyketides,Diarylheptanoids,Linear diarylheptanoids,Linear diarylheptanoids,,,,,L3,L2.3
SPRUCE 689,RP_20.847_292.26333,SPRUCE 556,-0.008092617891929898,-0.0021801578337972208,negative,negative,Feature2778,RP_20.847_292.26333,17-Amino-5alpha-androstan-11-ol,OMKYOYBEVIPBMI-YISWTCPOSA-N,NA,NA,NA,NA,Organic compounds,Lipids and lipid-like molecules,Steroids and steroid derivatives,Hydroxysteroids,11-hydroxysteroids,,,,,L3,L2.2
SPRUCE 689,RP_1.94_174.08719,SPRUCE 510,0.05123515926915151,-0.01264249381117077,positive,negative,Feature0612,RP_1.94_174.08719,2-oxoarginine,ARBHXJXXVVHMET-UHFFFAOYSA-N,cpd:C03771,5-Guanidino-2-oxopentanoate;5-Guanidino-2-oxo-pentanoate;2-Oxo-5-guanidinopentanoate;2-Oxo-5-guanidino-pentanoate;2-Oxoarginine,C6H11N3O3,Arginine and proline metabolism;D-Amino acid metabolism;Metabolic pathways,Organic compounds,Organic acids and derivatives,Keto acids and derivatives,Short-chain keto acids and derivatives,Short-chain keto acids and derivatives,,,,,L3,L2.2
SPRUCE 689,RP_1.486_96.0443,SPRUCE 2021,6.990735992178469e-4,0.012729274408581539,positive,positive,Feature0064,RP_1.486_96.0443,2-Hydroxypyridine,UBQKCCHYAOITMY-UHFFFAOYSA-N,cpd:C02502,2-Hydroxypyridine;2-Pyridone;2-Pyridinol,C5H5NO,NA,Organic compounds,Organoheterocyclic compounds,Pyridines and derivatives,Hydropyridines,Pyridinones,,,,,L3,L2.2
SPRUCE 124,RP_13.067_419.16988,SPRUCE 2026,-0.015839397890491328,-0.01880096305316453,negative,negative,Feature4488,RP_13.067_419.16988,Ramalinic acid A,XIJCKILIISXBES-UHFFFAOYSA-N,NA,NA,NA,NA,Organic compounds,"Lignans, neolignans and related compounds",,,"Lignans, neolignans and related compounds",,,,,L3,L2.2
SPRUCE 124,RP_13.067_419.16988,SPRUCE 556,-0.015839397890491328,0.14991017518953065,negative,positive,Feature4488,RP_13.067_419.16988,Ramalinic acid A,XIJCKILIISXBES-UHFFFAOYSA-N,NA,NA,NA,NA,Organic compounds,"Lignans, neolignans and related compounds",,,"Lignans, neolignans and related compounds",,,,,L3,L2.2
SPRUCE 124,RP_9.29_291.0861,SPRUCE 510,0.0220611946870163,-0.00811963791283148,positive,negative,Feature2749,RP_9.29_291.0861,(+)-Catechin,PFTAWBLQPZVEMU-DZGCQCFKSA-N,NA,NA,NA,NA,Organic compounds,Phenylpropanoids and polyketides,Flavonoids,Flavans,Flavan-3-ols,Catechins,,,,L1,L1
SPRUCE 124,RP_1.287_163.05997,SPRUCE 556,0.06842358698117927,-0.05304905438840546,positive,negative,Feature0470,RP_1.287_163.05997,3-hydroxy-3-methylpentanedioic acid,NPOAOTPXWNWTSH-UHFFFAOYSA-N,cpd:C03761,3-Hydroxy-3-methylglutarate;3-Hydorxy-3-methylglutaric acid;beta-Hydroxy-beta-methylglutaric acid;Dicrotalic acid;3-Hydroxy-3-methylpentanedioic acid;Meglutol,C6H10O5,NA,Organic compounds,Lipids and lipid-like molecules,Fatty Acyls,Fatty acids and conjugates,Hydroxy fatty acids,,,,,L2,L2
SPRUCE 124,RP_1.33_159.05116,SPRUCE 2026,0.01250014539077313,-0.029926050187430105,positive,negative,Feature0419,RP_1.33_159.05116,Allantoin,POJWUDADGALRAB-UHFFFAOYSA-N,cpd:C01551,Allantoin;5-Ureidohydantoin;Glyoxyldiureide,C4H6N4O3,NA,Organic compounds,Organoheterocyclic compounds,Azoles,Imidazoles,Imidazoles,,,,,L1,L1
SPRUCE 2155,RP_10.233_344.17023,SPRUCE 2026,0.016078214692422755,-0.048530626507355484,positive,negative,Feature3832,RP_10.233_344.17023,Raspberry ketone glucoside,IDONYWHRKBUDOR-IBEHDNSVSA-N,NA,NA,NA,NA,Organic compounds,Organic oxygen compounds,Organooxygen compounds,Carbohydrates and carbohydrate conjugates,Glycosyl compounds,Phenolic glycosides,,,,L1,L1
SPRUCE 2155,RP_19.948_313.10687,SPRUCE 2026,0.008869304960875016,-0.004079917549709381,positive,negative,Feature3215,RP_19.948_313.10687,Albiflorin-3,DBPWCIPDCMVUFT-UHFFFAOYSA-N ,NA,NA,NA,NA,NA,NA,NA,NA,NA,NA,NA,NA,NA,L2,L2
SPRUCE 2155,RP_18.205_289.17971,SPRUCE 556,-0.07621148966251744,-0.0050321704208468425,negative,negative,Feature2715,RP_18.205_289.17971,Estriol,PROQIPRRNZUXQM-ZXXIGWHRSA-N,cpd:C05141,"Estriol;1,3,5(10)-Estratriene-3,16-alpha,17beta-triol",C18H24O3,"Steroid hormone biosynthesis;Metabolic pathways;Progesterone, androgen and estrogen receptor agonists/antagonists",Organic compounds,Lipids and lipid-like molecules,Steroids and steroid derivatives,Estrane steroids,Estrogens and derivatives,,,,,L2,L2
SPRUCE 2155,RP_13.775_259.09636,SPRUCE 556,-0.005678045974420901,0.012699229285737506,negative,positive,Feature2130,RP_13.775_259.09636,Luvangetin,XYPWCJWXFYYGPA-UHFFFAOYSA-N,cpd:C09273,"Luvangetin;10-Methoxy-8,8-dimethyl-2H,8H-benzo[1,2-b:5,4-b']dipyran-2-one",C15H14O4,NA,Organic compounds,Phenylpropanoids and polyketides,Coumarins and derivatives,Pyranocoumarins,Linear pyranocoumarins,,,,,L2,L2
SPRUCE 2155,RP_5.641_174.12357,SPRUCE 510,0.0030273712355561345,-0.04902084143114192,positive,negative,Feature0620,RP_5.641_174.12357,Indospicine,SILQDLDAWPQMEL-YFKPBYRVSA-N,cpd:C08288,Indospicine;L-Indospicine,C7H15N3O2,NA,Organic compounds,Organic acids and derivatives,Carboxylic acids and derivatives,"Amino acids, peptides, and analogues",Amino acids and derivatives,Alpha amino acids and derivatives,Alpha amino acids,L-alpha-amino acids,,L3,L2.2
SPRUCE 675,RP_20.132_283.20546,SPRUCE 2021,6.035454023427603e-4,-0.09305589524220909,positive,negative,Feature2591,RP_20.132_283.20546,cis-Dehydroretinal,QHNVWXUULMZJKD-IOUUIBBYSA-N  ,cpd:C05919,11-cis-Dehydroretinal,C20H26O,NA,NA,NA,NA,NA,NA,NA,NA,NA,NA,L3,L2.2
SPRUCE 675,RP_9.38_111.08032,SPRUCE 556,0.028436247271340014,0.014494140463932558,positive,positive,Feature0119,RP_9.38_111.08032,"trans,trans-2,4-Heptadienal",SATICYYAWWYRAM-VNKDHWASSA-N,NA,NA,NA,NA,Organic compounds,Organic oxygen compounds,Organooxygen compounds,Carbonyl compounds,Aldehydes,Medium-chain aldehydes,,,,L2,L2
SPRUCE 356,RP_10.233_344.17023,SPRUCE 2026,0.007275217862539367,-0.048530626507355484,positive,negative,Feature3832,RP_10.233_344.17023,Raspberry ketone glucoside,IDONYWHRKBUDOR-IBEHDNSVSA-N,NA,NA,NA,NA,Organic compounds,Organic oxygen compounds,Organooxygen compounds,Carbohydrates and carbohydrate conjugates,Glycosyl compounds,Phenolic glycosides,,,,L1,L1
SPRUCE 2148,RP_7.195_166.08615,SPRUCE 2026,-8.837038242930986e-4,0.03561983135911816,negative,positive,Feature0519,RP_7.195_166.08615,D-Phenylalanine,COLNVLDHVKWLRT-MRVPVSSYSA-N,cpd:C02265,D-Phenylalanine;D-alpha-Amino-beta-phenylpropionic acid,C9H11NO2,Phenylalanine metabolism;D-Amino acid metabolism;Metabolic pathways;Taste transduction,Organic compounds,Organic acids and derivatives,Carboxylic acids and derivatives,"Amino acids, peptides, and analogues",Amino acids and derivatives,Alpha amino acids and derivatives,Phenylalanine and derivatives,,,L1,L1
SPRUCE 2148,RP_7.195_166.08615,SPRUCE 556,-8.837038242930986e-4,0.03274926817597222,negative,positive,Feature0519,RP_7.195_166.08615,D-Phenylalanine,COLNVLDHVKWLRT-MRVPVSSYSA-N,cpd:C02265,D-Phenylalanine;D-alpha-Amino-beta-phenylpropionic acid,C9H11NO2,Phenylalanine metabolism;D-Amino acid metabolism;Metabolic pathways;Taste transduction,Organic compounds,Organic acids and derivatives,Carboxylic acids and derivatives,"Amino acids, peptides, and analogues",Amino acids and derivatives,Alpha amino acids and derivatives,Phenylalanine and derivatives,,,L1,L1
SPRUCE 2159,RP_9.29_291.0861,SPRUCE 510,0.020232705270047387,-0.00811963791283148,positive,negative,Feature2749,RP_9.29_291.0861,(+)-Catechin,PFTAWBLQPZVEMU-DZGCQCFKSA-N,NA,NA,NA,NA,Organic compounds,Phenylpropanoids and polyketides,Flavonoids,Flavans,Flavan-3-ols,Catechins,,,,L1,L1
SPRUCE 2042,RP_6.946_232.15416,SPRUCE 2026,0.12002145992339316,-0.0623201286852165,positive,negative,Feature1639,RP_6.946_232.15416,Butyryl-L-carnitine,QWYFHHGCZUCMBN-SECBINFHSA-N,NA,NA,NA,NA,Organic compounds,Lipids and lipid-like molecules,Fatty Acyls,Fatty acid esters,Acyl carnitines,,,,,L3,L2.2
SPRUCE 2042,RP_6.946_232.15416,SPRUCE 2021,0.12002145992339316,-0.32253151992363815,positive,negative,Feature1639,RP_6.946_232.15416,Butyryl-L-carnitine,QWYFHHGCZUCMBN-SECBINFHSA-N,NA,NA,NA,NA,Organic compounds,Lipids and lipid-like molecules,Fatty Acyls,Fatty acid esters,Acyl carnitines,,,,,L3,L2.2
SPRUCE 2057,RP_1.33_159.05116,SPRUCE 2026,0.006109590870633834,-0.029926050187430105,positive,negative,Feature0419,RP_1.33_159.05116,Allantoin,POJWUDADGALRAB-UHFFFAOYSA-N,cpd:C01551,Allantoin;5-Ureidohydantoin;Glyoxyldiureide,C4H6N4O3,NA,Organic compounds,Organoheterocyclic compounds,Azoles,Imidazoles,Imidazoles,,,,,L1,L1
SPRUCE 190,RP_12.265_363.10731,SPRUCE 2021,-0.010042115857838051,-0.008826131727693476,negative,negative,Feature4120,RP_12.265_363.10731,Decarboxyhypothamnolic acid,WSTILCLQPLCYEH-UHFFFAOYSA-N,NA,NA,NA,NA,Organic compounds,Phenylpropanoids and polyketides,Depsides and depsidones,,Depsides and depsidones,,,,,L3,L2.2
SPRUCE 190,RP_9.29_291.0861,SPRUCE 510,0.013624667443015655,-0.00811963791283148,positive,negative,Feature2749,RP_9.29_291.0861,(+)-Catechin,PFTAWBLQPZVEMU-DZGCQCFKSA-N,NA,NA,NA,NA,Organic compounds,Phenylpropanoids and polyketides,Flavonoids,Flavans,Flavan-3-ols,Catechins,,,,L1,L1
SPRUCE 190,RP_1.422_246.06062,SPRUCE 2026,0.09642640591329771,-0.06419401737208523,positive,negative,Feature1878,RP_1.422_246.06062,Oxazinomycin,REFHNSOTFKKRAI-GBNDHIKLSA-N,NA,NA,NA,NA,Organic compounds,Organic oxygen compounds,Organooxygen compounds,Carbohydrates and carbohydrate conjugates,Glycosyl compounds,C-glycosyl compounds,,,,L3,L2.3
SPRUCE 190,RP_2.966_204.0865,SPRUCE 556,-0.03527249349852142,-0.024399349008995905,negative,negative,Feature1102,RP_2.966_204.0865,N2-Acetyl-L-aminoadipate,FTTGAAZKBNZDCZ-LURJTMIESA-N,cpd:C12986,N2-Acetyl-L-aminoadipate,C8H13NO5,NA,Organic compounds,Organic acids and derivatives,Carboxylic acids and derivatives,"Amino acids, peptides, and analogues",Amino acids and derivatives,Alpha amino acids and derivatives,N-acyl-alpha amino acids and derivatives,N-acyl-alpha amino acids,N-acyl-L-alpha-amino acids,L3,L2.2
SPRUCE 2183,RP_1.475_522.20255,SPRUCE 2021,0.05966566308005937,-0.039050660372830934,positive,negative,Feature5029,RP_1.475_522.20255,Maltotriose,"FYGDTMLNYKFZSV-DZOUCCHMSA-NFYGDTMLNYKFZSV-PXXRMHSHSA-N
FYGDTMLNYKFZSV-UHFFFAOYSA-N
FYGDTMLNYKFZSV-GJSXVTDISA-N
FYGDTMLNYKFZSV-MUUUSETQSA-N
",cpd:C01835,Maltotriose;Amylotriose,C18H32O16,ABC transporters;Carbohydrate digestion and absorption,NA,NA,NA,NA,NA,NA,NA,NA,NA,L1,L1
SPRUCE 2191,RP_19.948_313.10687,SPRUCE 2026,0.024685522179610456,-0.004079917549709381,positive,negative,Feature3215,RP_19.948_313.10687,Albiflorin-3,DBPWCIPDCMVUFT-UHFFFAOYSA-N ,NA,NA,NA,NA,NA,NA,NA,NA,NA,NA,NA,NA,NA,L2,L2
SPRUCE 397,RP_1.475_522.20255,SPRUCE 2021,0.007035919220973769,-0.039050660372830934,positive,negative,Feature5029,RP_1.475_522.20255,Maltotriose,"FYGDTMLNYKFZSV-DZOUCCHMSA-NFYGDTMLNYKFZSV-PXXRMHSHSA-N
FYGDTMLNYKFZSV-UHFFFAOYSA-N
FYGDTMLNYKFZSV-GJSXVTDISA-N
FYGDTMLNYKFZSV-MUUUSETQSA-N
",cpd:C01835,Maltotriose;Amylotriose,C18H32O16,ABC transporters;Carbohydrate digestion and absorption,NA,NA,NA,NA,NA,NA,NA,NA,NA,L1,L1
SPRUCE 397,RP_1.632_360.14986,SPRUCE 2026,0.009668874994837668,-0.020111343475153847,positive,negative,Feature3816,RP_1.632_360.14986,D-(+)-Turanose,"SEWFWJUQVJHATO-PUVWEJBASA-NSEWFWJUQVJHATO-KQTFWTRUSA-N
SEWFWJUQVJHATO-UHFFFAOYSA-N
SEWFWJUQVJHATO-UGDNZRGBSA-N
SEWFWJUQVJHATO-YXSCGFAXSA-N
",NA,NA,NA,NA,NA,NA,NA,NA,NA,NA,NA,NA,NA,L1,L1
SPRUCE 397,RP_1.422_246.06062,SPRUCE 2026,1.7065686243461498e-5,-0.06419401737208523,positive,negative,Feature1878,RP_1.422_246.06062,Oxazinomycin,REFHNSOTFKKRAI-GBNDHIKLSA-N,NA,NA,NA,NA,Organic compounds,Organic oxygen compounds,Organooxygen compounds,Carbohydrates and carbohydrate conjugates,Glycosyl compounds,C-glycosyl compounds,,,,L3,L2.3
SPRUCE 87,RP_1.475_522.20255,SPRUCE 2021,0.036632105067191716,-0.039050660372830934,positive,negative,Feature5029,RP_1.475_522.20255,Maltotriose,"FYGDTMLNYKFZSV-DZOUCCHMSA-NFYGDTMLNYKFZSV-PXXRMHSHSA-N
FYGDTMLNYKFZSV-UHFFFAOYSA-N
FYGDTMLNYKFZSV-GJSXVTDISA-N
FYGDTMLNYKFZSV-MUUUSETQSA-N
",cpd:C01835,Maltotriose;Amylotriose,C18H32O16,ABC transporters;Carbohydrate digestion and absorption,NA,NA,NA,NA,NA,NA,NA,NA,NA,L1,L1
SPRUCE 87,RP_19.236_441.33598,SPRUCE 2021,0.0030325811428924543,0.016101459213036986,positive,positive,Feature4633,RP_19.236_441.33598,Pfaffic acid,AXDBORJNOUXIBC-FZVIGMKHSA-N,cpd:C08965,Pfaffic acid,C29H44O3,NA,Organic compounds,Lipids and lipid-like molecules,Prenol lipids,Triterpenoids,Triterpenoids,,,,,L3,L2.2
SPRUCE 87,RP_1.475_287.12348,SPRUCE 2021,0.02192917971599179,0.026175906233586104,positive,positive,Feature2657,RP_1.475_287.12348,"N,N'-bis[(S)-1-methoxycarbonylethyl]fumaric diamide",NZYZLYFPFACZFH-JBGJSGBSSA-N,NA,NA,NA,NA,Organic compounds,Organic acids and derivatives,Carboxylic acids and derivatives,"Amino acids, peptides, and analogues",Amino acids and derivatives,Alpha amino acids and derivatives,N-acyl-alpha amino acids and derivatives,,,L3,L2.3
