X,Drought_ID,Domain,Phylum,Class,Order,Family,Genus,Species,SPRUCE_ID,Drought_MAG_match,anoxic,oxic,Specialist_phenol_decomposition,phenol_active_genes
 38,Peat-10-2-2022_S42-idba_concoct.73_sub,Bacteria,Desulfobacterota_B,Binatia,Binatales,Binataceae,,,SPRUCE 2057,Peat.10.2.2022_S42.idba_concoct.73_sub,11,31,Oxic_phenol_decomposition,42
 40,Peat-10-2-2022_S42-idba_maxbin.019_sub,Bacteria,Desulfobacterota_B,Binatia,Binatales,Binataceae,Binatus,,SPRUCE 2059,Peat.10.2.2022_S42.idba_maxbin.019_sub,11,26,Oxic_phenol_decomposition,37
123,Peat-13-2-2022_S44-spades_metabat.66,Bacteria,Desulfobacterota_B,Binatia,Binatales,Binataceae,Binatus,Binatus sp003135135,SPRUCE 224,Peat.13.2.2022_S44.spades_metabat.66,10,13,Ambivalent_phenol_decomposition,23
100,Peat-11-2-2022_S43-spades_metabat.1,Bacteria,Desulfobacterota_B,Binatia,Binatales,Binataceae,Binatus,,SPRUCE 401,Peat.11.2.2022_S43.spades_metabat.1,10,20,Oxic_phenol_decomposition,30
259,Peat-6-2-2021_S30-idba_metabat.13,Bacteria,Myxococcota,Polyangia,Polyangiales,Polyangiaceae,PALSA-1152,,SPRUCE 2278,Peat.6.2.2021_S30.idba_metabat.13,9,17,Oxic_phenol_decomposition,26
252,Peat-6-2-2020_S21-idba_concoct.96,Bacteria,Myxococcota,Polyangia,Polyangiales,Polyangiaceae,Palsa-1150,,SPRUCE 643,Peat.6.2.2020_S21.idba_concoct.96,4,5,Ambivalent_phenol_decomposition,9
186,Peat-19-2-2021_S37-idba_concoct.82_sub,Bacteria,Myxococcota,Polyangia,Polyangiales,Polyangiaceae,Palsa-1150,,SPRUCE 451,Peat.19.2.2021_S37.idba_concoct.82_sub,6,12,Oxic_phenol_decomposition,18
290,Peat-8-2-2021_S31-idba_concoct.75,Bacteria,Myxococcota,Polyangia,Polyangiales,Polyangiaceae,Palsa-1150,,SPRUCE 2309,Peat.8.2.2021_S31.idba_concoct.75,8,14,Oxic_phenol_decomposition,22
137,Peat-16-2-2021_S35-spades_concoct.26,Bacteria,Myxococcota,Polyangia,Polyangiales,Polyangiaceae,Palsa-1150,,SPRUCE 2156,Peat.16.2.2021_S35.spades_concoct.26,10,22,Oxic_phenol_decomposition,32
226,Peat-20-2-2021_S38-spades_concoct.90,Bacteria,Myxococcota,Polyangia,Polyangiales,Polyangiaceae,Palsa-1150,,SPRUCE 2245,Peat.20.2.2021_S38.spades_concoct.90,5,13,Oxic_phenol_decomposition,18
 64,Peat-11-2-2020_S24-idba_concoct.33,Bacteria,Myxococcota,Polyangia,Polyangiales,Polyangiaceae,Palsa-1150,,SPRUCE 2083,Peat.11.2.2020_S24.idba_concoct.33,4,15,Oxic_phenol_decomposition,19
 17,Peat-10-2-2020_S23-idba_metabat.4,Bacteria,Myxococcota,Polyangia,Polyangiales,Polyangiaceae,Palsa-1150,,SPRUCE 2036,Peat.10.2.2020_S23.idba_metabat.4,9,13,Ambivalent_phenol_decomposition,22
289,Peat-8-2-2021_S31-idba_concoct.69_sub,Bacteria,Myxococcota,Polyangia,Haliangiales,Haliangiaceae,JABFXX01,,SPRUCE 2308,Peat.8.2.2021_S31.idba_concoct.69_sub,3,13,Oxic_phenol_decomposition,16
284,Peat-8-2-2020_S22-idba_metabat.36,Bacteria,Myxococcota,Polyangia,Palsa-1104_A,Fen-1088,Fen-1137,,SPRUCE 39,Peat.8.2.2020_S22.idba_metabat.36,5,8,Oxic_phenol_decomposition,13
 67,Peat-11-2-2020_S24-idba_metabat.42,Bacteria,Myxococcota,Polyangia,Palsa-1104_A,Fen-1088,Fen-1118,,SPRUCE 2086,Peat.11.2.2020_S24.idba_metabat.42,7,8,Ambivalent_phenol_decomposition,15
 78,Peat-11-2-2021_S33-idba_concoct.99_sub,Bacteria,Myxococcota,Polyangia,Palsa-1104_A,Fen-1088,Fen-1118,,SPRUCE 190,Peat.11.2.2021_S33.idba_concoct.99_sub,6,7,Ambivalent_phenol_decomposition,13
 74,Peat-11-2-2021_S33-idba_concoct.132_sub,Bacteria,Myxococcota,Myxococcia,Myxococcales,40CM-4-68-19,CAIWCD01,,SPRUCE 2093,Peat.11.2.2021_S33.idba_concoct.132_sub,8,12,Oxic_phenol_decomposition,20
243,Peat-4-2-2021_S29-idba_metabat.38,Bacteria,Bdellovibrionota,Bdellovibrionia_A,UBA1018,UBA1018,JABDFB01,,SPRUCE 2262,Peat.4.2.2021_S29.idba_metabat.38,4,6,Oxic_phenol_decomposition,10
111,Peat-13-2-2021_S34-spades_concoct.5,Bacteria,Bdellovibrionota,Bdellovibrionia,JABDDW01,JABDDW01,JABDDW01,,SPRUCE 2130,Peat.13.2.2021_S34.spades_concoct.5,2,4,Oxic_phenol_decomposition,6
196,Peat-19-2-2022_S47-idba_concoct.14,Bacteria,Proteobacteria,Alphaproteobacteria,Rhizobiales,Xanthobacteraceae,Bradyrhizobium,,SPRUCE 2215,Peat.19.2.2022_S47.idba_concoct.14,12,50,Oxic_phenol_decomposition,62
 68,Peat-11-2-2020_S24-idba_metabat.43,Bacteria,Proteobacteria,Alphaproteobacteria,Rhizobiales,Xanthobacteraceae,Bradyrhizobium,,SPRUCE 2087,Peat.11.2.2020_S24.idba_metabat.43,32,52,Oxic_phenol_decomposition,84
 81,Peat-11-2-2021_S33-idba_metabat.32_sub,Bacteria,Proteobacteria,Alphaproteobacteria,Rhizobiales,Xanthobacteraceae,Bradyrhizobium,,SPRUCE 2100,Peat.11.2.2021_S33.idba_metabat.32_sub,16,50,Oxic_phenol_decomposition,66
220,Peat-20-2-2021_S38-idba_metabat.20,Bacteria,Proteobacteria,Alphaproteobacteria,Rhizobiales,Xanthobacteraceae,Bradyrhizobium,,SPRUCE 171,Peat.20.2.2021_S38.idba_metabat.20,16,61,Oxic_phenol_decomposition,77
 65,Peat-11-2-2020_S24-idba_metabat.27,Bacteria,Proteobacteria,Alphaproteobacteria,Rhizobiales,Xanthobacteraceae,AP-16,,SPRUCE 697,Peat.11.2.2020_S24.idba_metabat.27,12,44,Oxic_phenol_decomposition,56
300,Peat-8-2-2022_S41-idba_metabat.5,Bacteria,Proteobacteria,Alphaproteobacteria,Rhizobiales,Xanthobacteraceae,Pseudolabrys,,SPRUCE 581,Peat.8.2.2022_S41.idba_metabat.5,26,38,Ambivalent_phenol_decomposition,64
164,Peat-17-2-2021_S36-idba_concoct.101_sub,Bacteria,Proteobacteria,Alphaproteobacteria,Rhizobiales,Xanthobacteraceae,BOG-931,,SPRUCE 2183,Peat.17.2.2021_S36.idba_concoct.101_sub,9,46,Oxic_phenol_decomposition,55
 98,Peat-11-2-2022_S43-idba_metabat.8,Bacteria,Proteobacteria,Alphaproteobacteria,Rhizobiales,Xanthobacteraceae,BOG-931,,SPRUCE 347,Peat.11.2.2022_S43.idba_metabat.8,15,52,Oxic_phenol_decomposition,67
143,Peat-16-2-2021_S35-spades_metabat.33,Bacteria,Proteobacteria,Alphaproteobacteria,Rhizobiales,Xanthobacteraceae,BOG-931,,SPRUCE 502,Peat.16.2.2021_S35.spades_metabat.33,22,42,Oxic_phenol_decomposition,64
 60,Peat-10-2-2022_S42-spades_maxbin.010,Bacteria,Proteobacteria,Alphaproteobacteria,Rhizobiales,Xanthobacteraceae,BOG-931,,SPRUCE 2079,Peat.10.2.2022_S42.spades_maxbin.010,15,47,Oxic_phenol_decomposition,62
172,Peat-17-2-2022_S46-idba_maxbin.004,Bacteria,Proteobacteria,Alphaproteobacteria,Rhizobiales,Xanthobacteraceae,BOG-931,,SPRUCE 2191,Peat.17.2.2022_S46.idba_maxbin.004,14,45,Oxic_phenol_decomposition,59
270,Peat-6-2-2022_S40-idba_metabat.3,Bacteria,Proteobacteria,Alphaproteobacteria,Rhizobiales,Xanthobacteraceae,BOG-931,,SPRUCE 436,Peat.6.2.2022_S40.idba_metabat.3,11,41,Oxic_phenol_decomposition,52
176,Peat-17-2-2022_S46-idba_metabat.30_sub,Bacteria,Proteobacteria,Alphaproteobacteria,Rhizobiales,Xanthobacteraceae,BOG-931,,SPRUCE 2195,Peat.17.2.2022_S46.idba_metabat.30_sub,10,42,Oxic_phenol_decomposition,52
127,Peat-16-2-2020_S26-spades_metabat.17_sub,Bacteria,Proteobacteria,Alphaproteobacteria,Rhizobiales,Xanthobacteraceae,BOG-931,,SPRUCE 335,Peat.16.2.2020_S26.spades_metabat.17_sub,26,34,Ambivalent_phenol_decomposition,60
101,Peat-11-2-2022_S43-spades_metabat.36,Bacteria,Proteobacteria,Alphaproteobacteria,Rhizobiales,Xanthobacteraceae,BOG-931,,SPRUCE 2120,Peat.11.2.2022_S43.spades_metabat.36,13,26,Oxic_phenol_decomposition,39
265,Peat-6-2-2022_S40-idba_concoct.73,Bacteria,Proteobacteria,Alphaproteobacteria,Rhizobiales,Beijerinckiaceae,Roseiarcus,,SPRUCE 75,Peat.6.2.2022_S40.idba_concoct.73,12,27,Oxic_phenol_decomposition,39
195,Peat-19-2-2021_S37-spades_metabat.33,Bacteria,Proteobacteria,Alphaproteobacteria,Rhizobiales,Beijerinckiaceae,Roseiarcus,,SPRUCE 202,Peat.19.2.2021_S37.spades_metabat.33,11,21,Oxic_phenol_decomposition,32
295,Peat-8-2-2021_S31-idba_metabat.56,Bacteria,Proteobacteria,Alphaproteobacteria,Rhizobiales,Beijerinckiaceae,Roseiarcus,,SPRUCE 2314,Peat.8.2.2021_S31.idba_metabat.56,10,12,Ambivalent_phenol_decomposition,22
 88,Peat-11-2-2021_S33-spades_maxbin.008,Bacteria,Proteobacteria,Alphaproteobacteria,Rhizobiales,Beijerinckiaceae,Roseiarcus,,SPRUCE 5,Peat.11.2.2021_S33.spades_maxbin.008,8,13,Oxic_phenol_decomposition,21
 62,Peat-10-2-2022_S42-spades_metabat.5,Bacteria,Proteobacteria,Alphaproteobacteria,Rhizobiales,Beijerinckiaceae,Roseiarcus,,SPRUCE 2081,Peat.10.2.2022_S42.spades_metabat.5,14,21,Oxic_phenol_decomposition,35
 55,Peat-10-2-2022_S42-idba_metabat.53_sub,Bacteria,Proteobacteria,Alphaproteobacteria,Rhizobiales,Beijerinckiaceae,Roseiarcus,,SPRUCE 2074,Peat.10.2.2022_S42.idba_metabat.53_sub,7,19,Oxic_phenol_decomposition,26
175,Peat-17-2-2022_S46-idba_metabat.23_sub,Bacteria,Proteobacteria,Alphaproteobacteria,Rhizobiales,Beijerinckiaceae,Roseiarcus,Roseiarcus sp003164825,SPRUCE 397,Peat.17.2.2022_S46.idba_metabat.23_sub,10,34,Oxic_phenol_decomposition,44
198,Peat-19-2-2022_S47-idba_maxbin.005_sub,Bacteria,Proteobacteria,Alphaproteobacteria,Rhizobiales,Beijerinckiaceae,Roseiarcus,,SPRUCE 2217,Peat.19.2.2022_S47.idba_maxbin.005_sub,11,27,Oxic_phenol_decomposition,38
203,Peat-19-2-2022_S47-idba_metabat.34,Bacteria,Proteobacteria,Alphaproteobacteria,Rhizobiales,Beijerinckiaceae,Roseiarcus,,SPRUCE 2222,Peat.19.2.2022_S47.idba_metabat.34,10,35,Oxic_phenol_decomposition,45
 48,Peat-10-2-2022_S42-idba_metabat.33_sub,Bacteria,Proteobacteria,Alphaproteobacteria,Rhizobiales,Beijerinckiaceae,Roseiarcus,,SPRUCE 2067,Peat.10.2.2022_S42.idba_metabat.33_sub,13,49,Oxic_phenol_decomposition,62
235,Peat-20-2-2022_S48-spades_metabat.60_sub,Bacteria,Proteobacteria,Alphaproteobacteria,Rhizobiales,Beijerinckiaceae,Methylocystis,Methylocystis sp003134075,SPRUCE 467,Peat.20.2.2022_S48.spades_metabat.60_sub,7,14,Oxic_phenol_decomposition,21
303,Peat-8-2-2022_S41-spades_metabat.33,Bacteria,Proteobacteria,Alphaproteobacteria,Rhizobiales,Beijerinckiaceae,Methylocystis,,SPRUCE 2322,Peat.8.2.2022_S41.spades_metabat.33,8,15,Oxic_phenol_decomposition,23
305,Peat-8-2-2022_S41-spades_metabat.47_sub,Bacteria,Proteobacteria,Alphaproteobacteria,Rhizobiales,Beijerinckiaceae,Methylocella,,SPRUCE 421,Peat.8.2.2022_S41.spades_metabat.47_sub,4,18,Oxic_phenol_decomposition,22
250,Peat-4-2-2022_S39-spades_metabat.23_sub,Bacteria,Proteobacteria,Alphaproteobacteria,Rhizobiales,Beijerinckiaceae,Methylovirgula,,SPRUCE 2269,Peat.4.2.2022_S39.spades_metabat.23_sub,4,24,Oxic_phenol_decomposition,28
211,Peat-20-2-2020_S28-idba_metabat.55,Bacteria,Proteobacteria,Alphaproteobacteria,Caulobacterales,Caulobacteraceae,,,SPRUCE 2230,Peat.20.2.2020_S28.idba_metabat.55,7,38,Oxic_phenol_decomposition,45
180,Peat-17-2-2022_S46-idba_metabat.62,Bacteria,Proteobacteria,Alphaproteobacteria,Caulobacterales,Caulobacteraceae,Palsa-881,,SPRUCE 2199,Peat.17.2.2022_S46.idba_metabat.62,9,28,Oxic_phenol_decomposition,37
138,Peat-16-2-2021_S35-spades_concoct.51,Bacteria,Proteobacteria,Alphaproteobacteria,Caulobacterales,Caulobacteraceae,Palsa-881,,SPRUCE 2157,Peat.16.2.2021_S35.spades_concoct.51,8,21,Oxic_phenol_decomposition,29
124,Peat-16-2-2020_S26-idba_metabat.27,Bacteria,Proteobacteria,Alphaproteobacteria,Micropepsales,Micropepsaceae,Rhizomicrobium,,SPRUCE 2143,Peat.16.2.2020_S26.idba_metabat.27,6,12,Oxic_phenol_decomposition,18
223,Peat-20-2-2021_S38-idba_metabat.36,Bacteria,Proteobacteria,Alphaproteobacteria,Micropepsales,Micropepsaceae,Rhizomicrobium,,SPRUCE 2242,Peat.20.2.2021_S38.idba_metabat.36,6,17,Oxic_phenol_decomposition,23
189,Peat-19-2-2021_S37-idba_metabat.22,Bacteria,Proteobacteria,Alphaproteobacteria,Micropepsales,Micropepsaceae,Rhizomicrobium,,SPRUCE 174,Peat.19.2.2021_S37.idba_metabat.22,7,25,Oxic_phenol_decomposition,32
247,Peat-4-2-2022_S39-idba_metabat.32,Bacteria,Proteobacteria,Alphaproteobacteria,Micropepsales,Micropepsaceae,Rhizomicrobium,,SPRUCE 369,Peat.4.2.2022_S39.idba_metabat.32,8,26,Oxic_phenol_decomposition,34
224,Peat-20-2-2021_S38-idba_metabat.37,Bacteria,Proteobacteria,Alphaproteobacteria,Micropepsales,Micropepsaceae,Rhizomicrobium,,SPRUCE 2243,Peat.20.2.2021_S38.idba_metabat.37,8,34,Oxic_phenol_decomposition,42
142,Peat-16-2-2021_S35-spades_metabat.26,Bacteria,Proteobacteria,Alphaproteobacteria,Acetobacterales,Acetobacteraceae,Acidocella,,SPRUCE 2161,Peat.16.2.2021_S35.spades_metabat.26,6,15,Oxic_phenol_decomposition,21
241,Peat-4-2-2021_S29-idba_metabat.10,Bacteria,Proteobacteria,Alphaproteobacteria,Acetobacterales,Acetobacteraceae,Rhodopila,,SPRUCE 363,Peat.4.2.2021_S29.idba_metabat.10,11,44,Oxic_phenol_decomposition,55
 96,Peat-11-2-2022_S43-idba_metabat.43,Bacteria,Proteobacteria,Alphaproteobacteria,Acetobacterales,Acetobacteraceae,BOG-934,,SPRUCE 491,Peat.11.2.2022_S43.idba_metabat.43,11,49,Oxic_phenol_decomposition,60
179,Peat-17-2-2022_S46-idba_metabat.46,Bacteria,Proteobacteria,Alphaproteobacteria,Acetobacterales,Acetobacteraceae,Palsa-883,,SPRUCE 2198,Peat.17.2.2022_S46.idba_metabat.46,11,34,Oxic_phenol_decomposition,45
 20,Peat-10-2-2021_S32-idba_concoct.121_sub,Bacteria,Proteobacteria,Alphaproteobacteria,Acetobacterales,Acetobacteraceae,CAJCIS01,,SPRUCE 2039,Peat.10.2.2021_S32.idba_concoct.121_sub,7,25,Oxic_phenol_decomposition,32
153,Peat-16-2-2022_S45-idba_metabat.51,Bacteria,Proteobacteria,Alphaproteobacteria,ATCC43930,Stellaceae,CAIKMD01,,SPRUCE 2172,Peat.16.2.2022_S45.idba_metabat.51,10,40,Oxic_phenol_decomposition,50
246,Peat-4-2-2021_S29-idba_metabat.8,Bacteria,Proteobacteria,Alphaproteobacteria,ATCC43930,Stellaceae,REEB95,,SPRUCE 87,Peat.4.2.2021_S29.idba_metabat.8,24,30,Ambivalent_phenol_decomposition,54
147,Peat-16-2-2022_S45-idba_concoct.2_sub,Bacteria,Proteobacteria,Alphaproteobacteria,ATCC43930,Stellaceae,REEB95,,SPRUCE 2166,Peat.16.2.2022_S45.idba_concoct.2_sub,5,25,Oxic_phenol_decomposition,30
 24,Peat-10-2-2021_S32-idba_metabat.32,Bacteria,Proteobacteria,Alphaproteobacteria,ATCC43930,Stellaceae,AP-15,,SPRUCE 2043,Peat.10.2.2021_S32.idba_metabat.32,11,41,Oxic_phenol_decomposition,52
169,Peat-17-2-2022_S46-idba_concoct.15,Bacteria,Proteobacteria,Alphaproteobacteria,UBA9219,UBA9219,,,SPRUCE 2188,Peat.17.2.2022_S46.idba_concoct.15,4,2,Anoxic_phenol_decomposition,6
 58,Peat-10-2-2022_S42-spades_concoct.104_sub,Bacteria,Proteobacteria,Alphaproteobacteria,Rickettsiales,JABCZZ01,JABCZZ01,,SPRUCE 2077,Peat.10.2.2022_S42.spades_concoct.104_sub,2,1,Anoxic_phenol_decomposition,3
217,Peat-20-2-2021_S38-idba_concoct.50,Bacteria,Proteobacteria,Gammaproteobacteria,Burkholderiales,Burkholderiaceae,PKWO01,,SPRUCE 2236,Peat.20.2.2021_S38.idba_concoct.50,11,17,Oxic_phenol_decomposition,28
193,Peat-19-2-2021_S37-idba_metabat.8,Bacteria,Proteobacteria,Gammaproteobacteria,Burkholderiales,Burkholderiaceae,BOG-994,,SPRUCE 600,Peat.19.2.2021_S37.idba_metabat.8,10,44,Oxic_phenol_decomposition,54
242,Peat-4-2-2021_S29-idba_metabat.34,Bacteria,Proteobacteria,Gammaproteobacteria,Burkholderiales,Burkholderiaceae,GJ-E10,,SPRUCE 2261,Peat.4.2.2021_S29.idba_metabat.34,14,25,Oxic_phenol_decomposition,39
282,Peat-6-2-2022_S40-spades_metabat.68,Bacteria,Proteobacteria,Gammaproteobacteria,Xanthomonadales,Xanthomonadaceae,,,SPRUCE 2301,Peat.6.2.2022_S40.spades_metabat.68,8,13,Oxic_phenol_decomposition,21
207,Peat-19-2-2022_S47-spades_metabat.44,Bacteria,Proteobacteria,Gammaproteobacteria,Xanthomonadales,Xanthomonadaceae,,,SPRUCE 2226,Peat.19.2.2022_S47.spades_metabat.44,5,11,Oxic_phenol_decomposition,16
267,Peat-6-2-2022_S40-idba_maxbin.005_sub,Bacteria,Proteobacteria,Gammaproteobacteria,Steroidobacterales,Steroidobacteraceae,Bog-1198,,SPRUCE 2286,Peat.6.2.2022_S40.idba_maxbin.005_sub,7,20,Oxic_phenol_decomposition,27
194,Peat-19-2-2021_S37-spades_metabat.21,Bacteria,Proteobacteria,Gammaproteobacteria,Steroidobacterales,Steroidobacteraceae,Bog-1198,,SPRUCE 2213,Peat.19.2.2021_S37.spades_metabat.21,12,50,Oxic_phenol_decomposition,62
 19,Peat-10-2-2020_S23-spades_metabat.42,Bacteria,Proteobacteria,Gammaproteobacteria,Steroidobacterales,Steroidobacteraceae,Bog-1198,,SPRUCE 2038,Peat.10.2.2020_S23.spades_metabat.42,9,32,Oxic_phenol_decomposition,41
150,Peat-16-2-2022_S45-idba_metabat.19,Bacteria,Proteobacteria,Gammaproteobacteria,Steroidobacterales,Steroidobacteraceae,Bog-1198,,SPRUCE 2169,Peat.16.2.2022_S45.idba_metabat.19,14,55,Oxic_phenol_decomposition,69
108,Peat-13-2-2021_S34-idba_metabat.25,Bacteria,Proteobacteria,Gammaproteobacteria,Steroidobacterales,Steroidobacteraceae,Bog-1198,,SPRUCE 275,Peat.13.2.2021_S34.idba_metabat.25,13,22,Oxic_phenol_decomposition,35
 34,Peat-10-2-2022_S42-idba_concoct.112,Bacteria,Proteobacteria,Gammaproteobacteria,Steroidobacterales,Steroidobacteraceae,Bog-1198,,SPRUCE 2053,Peat.10.2.2022_S42.idba_concoct.112,12,25,Oxic_phenol_decomposition,37
297,Peat-8-2-2022_S41-idba_concoct.47,Bacteria,Proteobacteria,Gammaproteobacteria,Steroidobacterales,Steroidobacteraceae,Bog-1198,,SPRUCE 550,Peat.8.2.2022_S41.idba_concoct.47,14,24,Oxic_phenol_decomposition,38
279,Peat-6-2-2022_S40-spades_metabat.48,Bacteria,Proteobacteria,Gammaproteobacteria,Steroidobacterales,Steroidobacteraceae,Bog-1198,,SPRUCE 2298,Peat.6.2.2022_S40.spades_metabat.48,8,28,Oxic_phenol_decomposition,36
182,Peat-17-2-2022_S46-spades_metabat.33,Bacteria,Proteobacteria,Gammaproteobacteria,Steroidobacterales,Steroidobacteraceae,Bog-1198,,SPRUCE 607,Peat.17.2.2022_S46.spades_metabat.33,13,40,Oxic_phenol_decomposition,53
130,Peat-16-2-2021_S35-idba_maxbin.017_sub,Bacteria,Proteobacteria,Gammaproteobacteria,Steroidobacterales,Steroidobacteraceae,PALSA-1196,,SPRUCE 2149,Peat.16.2.2021_S35.idba_maxbin.017_sub,11,35,Oxic_phenol_decomposition,46
 27,Peat-10-2-2021_S32-idba_metabat.53,Bacteria,Proteobacteria,Gammaproteobacteria,Steroidobacterales,Steroidobacteraceae,13-2-20CM-66-19,,SPRUCE 2046,Peat.10.2.2021_S32.idba_metabat.53,8,46,Oxic_phenol_decomposition,54
275,Peat-6-2-2022_S40-idba_metabat.61,Bacteria,Proteobacteria,Gammaproteobacteria,Steroidobacterales,Steroidobacteraceae,FEN-1191,,SPRUCE 2294,Peat.6.2.2022_S40.idba_metabat.61,7,29,Oxic_phenol_decomposition,36
190,Peat-19-2-2021_S37-idba_metabat.32,Bacteria,Proteobacteria,Gammaproteobacteria,Steroidobacterales,Steroidobacteraceae,FEN-1191,,SPRUCE 439,Peat.19.2.2021_S37.idba_metabat.32,7,34,Oxic_phenol_decomposition,41
271,Peat-6-2-2022_S40-idba_metabat.33,Bacteria,Proteobacteria,Gammaproteobacteria,Steroidobacterales,Steroidobacteraceae,FEN-1191,,SPRUCE 2290,Peat.6.2.2022_S40.idba_metabat.33,4,8,Oxic_phenol_decomposition,12
232,Peat-20-2-2022_S48-idba_metabat.69,Bacteria,Proteobacteria,Gammaproteobacteria,Steroidobacterales,Steroidobacteraceae,FEN-1191,,SPRUCE 513,Peat.20.2.2022_S48.idba_metabat.69,5,11,Oxic_phenol_decomposition,16
222,Peat-20-2-2021_S38-idba_metabat.29,Bacteria,Acidobacteriota,Thermoanaerobaculia,UBA5704,UBA5704,,,SPRUCE 2241,Peat.20.2.2021_S38.idba_metabat.29,8,10,Ambivalent_phenol_decomposition,18
293,Peat-8-2-2021_S31-idba_metabat.51,Bacteria,Acidobacteriota,Acidobacteriae,Bryobacterales,Bryobacteraceae,BOG-234,,SPRUCE 116,Peat.8.2.2021_S31.idba_metabat.51,8,8,Ambivalent_phenol_decomposition,16
273,Peat-6-2-2022_S40-idba_metabat.42,Bacteria,Acidobacteriota,Acidobacteriae,Bryobacterales,Bryobacteraceae,Bog-113,,SPRUCE 2292,Peat.6.2.2022_S40.idba_metabat.42,6,9,Oxic_phenol_decomposition,15
 97,Peat-11-2-2022_S43-idba_metabat.46,Bacteria,Acidobacteriota,Acidobacteriae,Bryobacterales,Bryobacteraceae,Bog-159,,SPRUCE 583,Peat.11.2.2022_S43.idba_metabat.46,12,15,Ambivalent_phenol_decomposition,27
109,Peat-13-2-2021_S34-idba_metabat.26,Bacteria,Acidobacteriota,Acidobacteriae,Bryobacterales,Bryobacteraceae,Bog-159,,SPRUCE 666,Peat.13.2.2021_S34.idba_metabat.26,10,17,Oxic_phenol_decomposition,27
146,Peat-16-2-2021_S35-spades_metabat.68,Bacteria,Acidobacteriota,Acidobacteriae,Bryobacterales,Bryobacteraceae,Bog-159,,SPRUCE 2,Peat.16.2.2021_S35.spades_metabat.68,11,20,Oxic_phenol_decomposition,31
114,Peat-13-2-2022_S44-idba_metabat.33,Bacteria,Acidobacteriota,Acidobacteriae,Bryobacterales,Bryobacteraceae,Bog-159,,SPRUCE 471,Peat.13.2.2022_S44.idba_metabat.33,11,12,Ambivalent_phenol_decomposition,23
244,Peat-4-2-2021_S29-idba_metabat.57,Bacteria,Acidobacteriota,Acidobacteriae,Bryobacterales,Bryobacteraceae,Bog-159,,SPRUCE 391,Peat.4.2.2021_S29.idba_metabat.57,11,14,Ambivalent_phenol_decomposition,25
 66,Peat-11-2-2020_S24-idba_metabat.28,Bacteria,Acidobacteriota,Acidobacteriae,Bryobacterales,Bryobacteraceae,Bog-375,,SPRUCE 95,Peat.11.2.2020_S24.idba_metabat.28,7,11,Oxic_phenol_decomposition,18
 44,Peat-10-2-2022_S42-idba_metabat.22,Bacteria,Acidobacteriota,Acidobacteriae,Bryobacterales,Bryobacteraceae,PALSA-129,,SPRUCE 2063,Peat.10.2.2022_S42.idba_metabat.22,8,10,Ambivalent_phenol_decomposition,18
236,Peat-20-2-2022_S48-spades_metabat.83,Bacteria,Acidobacteriota,Acidobacteriae,Bryobacterales,Bryobacteraceae,Palsa-187,,SPRUCE 2255,Peat.20.2.2022_S48.spades_metabat.83,9,17,Oxic_phenol_decomposition,26
201,Peat-19-2-2022_S47-idba_metabat.18,Bacteria,Acidobacteriota,Acidobacteriae,Bryobacterales,Bryobacteraceae,Bog-105,,SPRUCE 2220,Peat.19.2.2022_S47.idba_metabat.18,7,11,Oxic_phenol_decomposition,18
 80,Peat-11-2-2021_S33-idba_metabat.24,Bacteria,Acidobacteriota,Acidobacteriae,Bryobacterales,Bryobacteraceae,CAIVVT01,,SPRUCE 392,Peat.11.2.2021_S33.idba_metabat.24,8,7,Ambivalent_phenol_decomposition,15
 16,Peat-10-2-2020_S23-idba_metabat.17,Bacteria,Acidobacteriota,Acidobacteriae,Bryobacterales,Bryobacteraceae,Palsa-89,,SPRUCE 320,Peat.10.2.2020_S23.idba_metabat.17,10,22,Oxic_phenol_decomposition,32
183,Peat-17-2-2022_S46-spades_metabat.49_sub,Bacteria,Acidobacteriota,Acidobacteriae,Bryobacterales,Bryobacteraceae,Palsa-89,,SPRUCE 2202,Peat.17.2.2022_S46.spades_metabat.49_sub,11,26,Oxic_phenol_decomposition,37
269,Peat-6-2-2022_S40-idba_metabat.22,Bacteria,Acidobacteriota,Acidobacteriae,Bryobacterales,Bryobacteraceae,Palsa-89,,SPRUCE 71,Peat.6.2.2022_S40.idba_metabat.22,10,28,Oxic_phenol_decomposition,38
 91,Peat-11-2-2021_S33-spades_metabat.57,Bacteria,Acidobacteriota,Acidobacteriae,Bryobacterales,Bryobacteraceae,,,SPRUCE 97,Peat.11.2.2021_S33.spades_metabat.57,8,11,Ambivalent_phenol_decomposition,19
249,Peat-4-2-2022_S39-idba_metabat.42,Bacteria,Acidobacteriota,Acidobacteriae,Acidoferrales,UBA7541,Palsa-295,,SPRUCE 2268,Peat.4.2.2022_S39.idba_metabat.42,7,14,Oxic_phenol_decomposition,21
106,Peat-13-2-2021_S34-idba_metabat.11,Bacteria,Acidobacteriota,Acidobacteriae,Acidoferrales,UBA7541,Palsa-295,,SPRUCE 269,Peat.13.2.2021_S34.idba_metabat.11,8,19,Oxic_phenol_decomposition,27
119,Peat-13-2-2022_S44-idba_metabat.66,Bacteria,Acidobacteriota,Acidobacteriae,Acidoferrales,UBA7541,Acidoferrum,,SPRUCE 2138,Peat.13.2.2022_S44.idba_metabat.66,8,15,Oxic_phenol_decomposition,23
276,Peat-6-2-2022_S40-idba_metabat.62,Bacteria,Acidobacteriota,Acidobacteriae,Acidoferrales,UBA7541,Acidoferrum,Acidoferrum sp903970165,SPRUCE 689,Peat.6.2.2022_S40.idba_metabat.62,8,19,Oxic_phenol_decomposition,27
 87,Peat-11-2-2021_S33-idba_metabat.8,Bacteria,Acidobacteriota,Acidobacteriae,Acidoferrales,UBA7541,,,SPRUCE 181,Peat.11.2.2021_S33.idba_metabat.8,7,8,Ambivalent_phenol_decomposition,15
 43,Peat-10-2-2022_S42-idba_metabat.21,Bacteria,Acidobacteriota,Acidobacteriae,Acidobacteriales,Acidobacteriaceae,UBA5172,,SPRUCE 2062,Peat.10.2.2022_S42.idba_metabat.21,7,14,Oxic_phenol_decomposition,21
165,Peat-17-2-2021_S36-idba_concoct.15,Bacteria,Acidobacteriota,Acidobacteriae,Acidobacteriales,Acidobacteriaceae,Palsa-288,,SPRUCE 2184,Peat.17.2.2021_S36.idba_concoct.15,4,6,Oxic_phenol_decomposition,10
233,Peat-20-2-2022_S48-spades_metabat.55,Bacteria,Acidobacteriota,Acidobacteriae,Acidobacteriales,Acidobacteriaceae,Palsa-288,,SPRUCE 620,Peat.20.2.2022_S48.spades_metabat.55,3,4,Ambivalent_phenol_decomposition,7
 69,Peat-11-2-2020_S24-idba_metabat.9,Bacteria,Acidobacteriota,Acidobacteriae,Acidobacteriales,Acidobacteriaceae,Palsa-288,,SPRUCE 154,Peat.11.2.2020_S24.idba_metabat.9,3,6,Oxic_phenol_decomposition,9
206,Peat-19-2-2022_S47-spades_metabat.28,Bacteria,Acidobacteriota,Acidobacteriae,Acidobacteriales,Acidobacteriaceae,PALSA-350,,SPRUCE 2225,Peat.19.2.2022_S47.spades_metabat.28,9,15,Oxic_phenol_decomposition,24
 54,Peat-10-2-2022_S42-idba_metabat.51,Bacteria,Acidobacteriota,Acidobacteriae,Acidobacteriales,Acidobacteriaceae,,,SPRUCE 2073,Peat.10.2.2022_S42.idba_metabat.51,8,13,Oxic_phenol_decomposition,21
 41,Peat-10-2-2022_S42-idba_metabat.12,Bacteria,Acidobacteriota,Acidobacteriae,Acidobacteriales,Acidobacteriaceae,Palsa-343,,SPRUCE 2060,Peat.10.2.2022_S42.idba_metabat.12,6,9,Oxic_phenol_decomposition,15
133,Peat-16-2-2021_S35-idba_metabat.54,Bacteria,Acidobacteriota,Acidobacteriae,Acidobacteriales,Acidobacteriaceae,Palsa-343,,SPRUCE 2152,Peat.16.2.2021_S35.idba_metabat.54,6,11,Oxic_phenol_decomposition,17
173,Peat-17-2-2022_S46-idba_metabat.12,Bacteria,Acidobacteriota,Acidobacteriae,Acidobacteriales,Acidobacteriaceae,Palsa-343,,SPRUCE 2192,Peat.17.2.2022_S46.idba_metabat.12,8,15,Oxic_phenol_decomposition,23
 53,Peat-10-2-2022_S42-idba_metabat.5,Bacteria,Acidobacteriota,Acidobacteriae,Acidobacteriales,Acidobacteriaceae,Terracidiphilus,,SPRUCE 2072,Peat.10.2.2022_S42.idba_metabat.5,8,12,Oxic_phenol_decomposition,20
145,Peat-16-2-2021_S35-spades_metabat.66,Bacteria,Acidobacteriota,Acidobacteriae,Acidobacteriales,Acidobacteriaceae,Terracidiphilus,,SPRUCE 505,Peat.16.2.2021_S35.spades_metabat.66,9,8,Ambivalent_phenol_decomposition,17
151,Peat-16-2-2022_S45-idba_metabat.30,Bacteria,Acidobacteriota,Acidobacteriae,Acidobacteriales,Acidobacteriaceae,Terracidiphilus,,SPRUCE 176,Peat.16.2.2022_S45.idba_metabat.30,7,12,Oxic_phenol_decomposition,19
163,Peat-17-2-2020_S27-spades_metabat.77,Bacteria,Acidobacteriota,Acidobacteriae,Acidobacteriales,Acidobacteriaceae,Terracidiphilus,,SPRUCE 2182,Peat.17.2.2020_S27.spades_metabat.77,8,7,Ambivalent_phenol_decomposition,15
103,Peat-13-2-2020_S25-idba_metabat.34_sub,Bacteria,Acidobacteriota,Acidobacteriae,Acidobacteriales,Acidobacteriaceae,Terracidiphilus,,SPRUCE 179,Peat.13.2.2020_S25.idba_metabat.34_sub,8,6,Ambivalent_phenol_decomposition,14
161,Peat-17-2-2020_S27-spades_metabat.52,Bacteria,Acidobacteriota,Acidobacteriae,Acidobacteriales,Acidobacteriaceae,Terracidiphilus,,SPRUCE 173,Peat.17.2.2020_S27.spades_metabat.52,8,5,Anoxic_phenol_decomposition,13
212,Peat-20-2-2020_S28-idba_metabat.7,Bacteria,Acidobacteriota,Acidobacteriae,Acidobacteriales,Acidobacteriaceae,Terracidiphilus,,SPRUCE 456,Peat.20.2.2020_S28.idba_metabat.7,6,5,Ambivalent_phenol_decomposition,11
291,Peat-8-2-2021_S31-idba_metabat.1,Bacteria,Acidobacteriota,Acidobacteriae,Acidobacteriales,Acidobacteriaceae,Terracidiphilus,,SPRUCE 571,Peat.8.2.2021_S31.idba_metabat.1,6,9,Oxic_phenol_decomposition,15
213,Peat-20-2-2020_S28-spades_metabat.17,Bacteria,Acidobacteriota,Acidobacteriae,Acidobacteriales,Acidobacteriaceae,Terracidiphilus,,SPRUCE 2232,Peat.20.2.2020_S28.spades_metabat.17,7,7,Ambivalent_phenol_decomposition,14
 72,Peat-11-2-2020_S24-spades_metabat.12,Bacteria,Acidobacteriota,Acidobacteriae,Acidobacteriales,Acidobacteriaceae,Terracidiphilus,,SPRUCE 527,Peat.11.2.2020_S24.spades_metabat.12,6,11,Oxic_phenol_decomposition,17
 63,Peat-10-2-2022_S42-spades_metabat.80,Bacteria,Acidobacteriota,Acidobacteriae,Acidobacteriales,Koribacteraceae,Bog-257,,SPRUCE 2082,Peat.10.2.2022_S42.spades_metabat.80,9,16,Oxic_phenol_decomposition,25
 99,Peat-11-2-2022_S43-spades_maxbin.008_sub,Bacteria,Acidobacteriota,Acidobacteriae,Acidobacteriales,Koribacteraceae,Bog-257,,SPRUCE 549,Peat.11.2.2022_S43.spades_maxbin.008_sub,6,8,Ambivalent_phenol_decomposition,14
131,Peat-16-2-2021_S35-idba_metabat.38,Bacteria,Acidobacteriota,Acidobacteriae,Acidobacteriales,Koribacteraceae,Bog-257,,SPRUCE 2150,Peat.16.2.2021_S35.idba_metabat.38,9,11,Ambivalent_phenol_decomposition,20
221,Peat-20-2-2021_S38-idba_metabat.27_sub,Bacteria,Acidobacteriota,Acidobacteriae,Acidobacteriales,SbA1,PALSA-188,,SPRUCE 2240,Peat.20.2.2021_S38.idba_metabat.27_sub,8,14,Oxic_phenol_decomposition,22
205,Peat-19-2-2022_S47-spades_maxbin.002,Bacteria,Acidobacteriota,Acidobacteriae,Acidobacteriales,SbA1,Bog-209,,SPRUCE 2224,Peat.19.2.2022_S47.spades_maxbin.002,11,18,Oxic_phenol_decomposition,29
149,Peat-16-2-2022_S45-idba_maxbin.002_sub,Bacteria,Acidobacteriota,Acidobacteriae,Acidobacteriales,SbA1,Bog-209,,SPRUCE 372,Peat.16.2.2022_S45.idba_maxbin.002_sub,9,14,Oxic_phenol_decomposition,23
230,Peat-20-2-2022_S48-idba_metabat.22,Bacteria,Acidobacteriota,Acidobacteriae,Acidobacteriales,SbA1,Bog-209,,SPRUCE 479,Peat.20.2.2022_S48.idba_metabat.22,8,17,Oxic_phenol_decomposition,25
287,Peat-8-2-2020_S22-spades_metabat.70,Bacteria,Acidobacteriota,Acidobacteriae,Acidobacteriales,SbA1,Bog-209,,SPRUCE 648,Peat.8.2.2020_S22.spades_metabat.70,10,12,Ambivalent_phenol_decomposition,22
 83,Peat-11-2-2021_S33-idba_metabat.48,Bacteria,Acidobacteriota,Acidobacteriae,Acidobacteriales,SbA1,Bog-209,Bog-209 sp003162935,SPRUCE 382,Peat.11.2.2021_S33.idba_metabat.48,7,8,Ambivalent_phenol_decomposition,15
184,Peat-17-2-2022_S46-spades_metabat.7,Bacteria,Acidobacteriota,Acidobacteriae,Acidobacteriales,SbA1,Sulfotelmatobacter,,SPRUCE 2203,Peat.17.2.2022_S46.spades_metabat.7,8,12,Oxic_phenol_decomposition,20
171,Peat-17-2-2022_S46-idba_maxbin.002,Bacteria,Acidobacteriota,Acidobacteriae,Acidobacteriales,SbA1,Sulfotelmatobacter,,SPRUCE 2190,Peat.17.2.2022_S46.idba_maxbin.002,9,23,Oxic_phenol_decomposition,32
253,Peat-6-2-2020_S21-idba_metabat.19,Bacteria,Acidobacteriota,Acidobacteriae,Acidobacteriales,SbA1,Sulfotelmatobacter,,SPRUCE 2272,Peat.6.2.2020_S21.idba_metabat.19,9,11,Ambivalent_phenol_decomposition,20
155,Peat-16-2-2022_S45-spades_metabat.43,Bacteria,Acidobacteriota,Acidobacteriae,Acidobacteriales,SbA1,Sulfotelmatobacter,,SPRUCE 2174,Peat.16.2.2022_S45.spades_metabat.43,7,12,Oxic_phenol_decomposition,19
266,Peat-6-2-2022_S40-idba_maxbin.003,Bacteria,Acidobacteriota,Acidobacteriae,Acidobacteriales,SbA1,Sulfotelmatobacter,,SPRUCE 2285,Peat.6.2.2022_S40.idba_maxbin.003,5,16,Oxic_phenol_decomposition,21
191,Peat-19-2-2021_S37-idba_metabat.5,Bacteria,Acidobacteriota,Acidobacteriae,Acidobacteriales,SbA1,Sulfotelmatobacter,,SPRUCE 619,Peat.19.2.2021_S37.idba_metabat.5,8,11,Ambivalent_phenol_decomposition,19
299,Peat-8-2-2022_S41-idba_metabat.3,Bacteria,Acidobacteriota,Acidobacteriae,Acidobacteriales,SbA1,Sulfotelmatobacter,,SPRUCE 63,Peat.8.2.2022_S41.idba_metabat.3,8,8,Ambivalent_phenol_decomposition,16
152,Peat-16-2-2022_S45-idba_metabat.4,Bacteria,Acidobacteriota,Acidobacteriae,Acidobacteriales,SbA1,Sulfotelmatobacter,,SPRUCE 630,Peat.16.2.2022_S45.idba_metabat.4,9,5,Anoxic_phenol_decomposition,14
174,Peat-17-2-2022_S46-idba_metabat.17,Bacteria,Acidobacteriota,Acidobacteriae,Acidobacteriales,SbA1,Sulfotelmatobacter,,SPRUCE 637,Peat.17.2.2022_S46.idba_metabat.17,8,20,Oxic_phenol_decomposition,28
 95,Peat-11-2-2022_S43-idba_metabat.25,Bacteria,Acidobacteriota,Acidobacteriae,Acidobacteriales,SbA1,Sulfotelmatobacter,,SPRUCE 124,Peat.11.2.2022_S43.idba_metabat.25,10,23,Oxic_phenol_decomposition,33
156,Peat-17-2-2020_S27-idba_metabat.44,Bacteria,Acidobacteriota,Acidobacteriae,Acidobacteriales,SbA1,Sulfotelmatobacter,,SPRUCE 337,Peat.17.2.2020_S27.idba_metabat.44,10,18,Oxic_phenol_decomposition,28
125,Peat-16-2-2020_S26-idba_metabat.41,Bacteria,Acidobacteriota,Acidobacteriae,Acidobacteriales,SbA1,Sulfotelmatobacter,,SPRUCE 503,Peat.16.2.2020_S26.idba_metabat.41,11,17,Oxic_phenol_decomposition,28
121,Peat-13-2-2022_S44-spades_maxbin.001_sub,Bacteria,Acidobacteriota,Acidobacteriae,Acidobacteriales,SbA1,Sulfotelmatobacter,Sulfotelmatobacter sp003138975,SPRUCE 486,Peat.13.2.2022_S44.spades_maxbin.001_sub,11,20,Oxic_phenol_decomposition,31
 71,Peat-11-2-2020_S24-spades_metabat.10,Bacteria,Actinobacteriota,Thermoleophilia,UBA2241,UBA2241,Bog-752,,SPRUCE 2090,Peat.11.2.2020_S24.spades_metabat.10,6,8,Ambivalent_phenol_decomposition,14
 94,Peat-11-2-2021_S33-spades_metabat.83,Bacteria,Actinobacteriota,Thermoleophilia,UBA2241,UBA2241,Bog-752,,SPRUCE 2113,Peat.11.2.2021_S33.spades_metabat.83,7,8,Ambivalent_phenol_decomposition,15
178,Peat-17-2-2022_S46-idba_metabat.36,Bacteria,Actinobacteriota,Thermoleophilia,Gaiellales,Gaiellaceae,PALSA-600,,SPRUCE 2197,Peat.17.2.2022_S46.idba_metabat.36,3,4,Ambivalent_phenol_decomposition,7
281,Peat-6-2-2022_S40-spades_metabat.62,Bacteria,Actinobacteriota,Thermoleophilia,Solirubrobacterales,Solirubrobacteraceae,Palsa-465,,SPRUCE 2300,Peat.6.2.2022_S40.spades_metabat.62,6,16,Oxic_phenol_decomposition,22
 28,Peat-10-2-2021_S32-idba_metabat.9,Bacteria,Actinobacteriota,Thermoleophilia,Solirubrobacterales,Solirubrobacteraceae,Palsa-465,,SPRUCE 2047,Peat.10.2.2021_S32.idba_metabat.9,7,24,Oxic_phenol_decomposition,31
 31,Peat-10-2-2021_S32-spades_metabat.41,Bacteria,Actinobacteriota,Thermoleophilia,Solirubrobacterales,Solirubrobacteraceae,Palsa-465,,SPRUCE 2050,Peat.10.2.2021_S32.spades_metabat.41,7,27,Oxic_phenol_decomposition,34
177,Peat-17-2-2022_S46-idba_metabat.31_sub,Bacteria,Actinobacteriota,Thermoleophilia,Solirubrobacterales,Solirubrobacteraceae,Palsa-465,,SPRUCE 2196,Peat.17.2.2022_S46.idba_metabat.31_sub,7,17,Oxic_phenol_decomposition,24
 84,Peat-11-2-2021_S33-idba_metabat.4_sub,Bacteria,Actinobacteriota,Thermoleophilia,Solirubrobacterales,Solirubrobacteraceae,Palsa-465,,SPRUCE 2103,Peat.11.2.2021_S33.idba_metabat.4_sub,10,31,Oxic_phenol_decomposition,41
304,Peat-8-2-2022_S41-spades_metabat.38,Bacteria,Actinobacteriota,Thermoleophilia,Solirubrobacterales,Solirubrobacteraceae,Palsa-465,,SPRUCE 2323,Peat.8.2.2022_S41.spades_metabat.38,10,15,Oxic_phenol_decomposition,25
135,Peat-16-2-2021_S35-idba_metabat.67,Bacteria,Actinobacteriota,Thermoleophilia,Solirubrobacterales,Solirubrobacteraceae,Palsa-513,,SPRUCE 2154,Peat.16.2.2021_S35.idba_metabat.67,10,26,Oxic_phenol_decomposition,36
107,Peat-13-2-2021_S34-idba_metabat.21,Bacteria,Actinobacteriota,Thermoleophilia,Solirubrobacterales,Solirubrobacteraceae,Palsa-513,,SPRUCE 415,Peat.13.2.2021_S34.idba_metabat.21,4,12,Oxic_phenol_decomposition,16
261,Peat-6-2-2021_S30-idba_metabat.56,Bacteria,Actinobacteriota,Thermoleophilia,Solirubrobacterales,Solirubrobacteraceae,Palsa-513,,SPRUCE 296,Peat.6.2.2021_S30.idba_metabat.56,6,14,Oxic_phenol_decomposition,20
 30,Peat-10-2-2021_S32-spades_metabat.10,Bacteria,Actinobacteriota,Thermoleophilia,Solirubrobacterales,Solirubrobacteraceae,Palsa-744,,SPRUCE 2049,Peat.10.2.2021_S32.spades_metabat.10,7,19,Oxic_phenol_decomposition,26
302,Peat-8-2-2022_S41-spades_metabat.11,Bacteria,Actinobacteriota,Thermoleophilia,Solirubrobacterales,Solirubrobacteraceae,Palsa-744,,SPRUCE 683,Peat.8.2.2022_S41.spades_metabat.11,9,11,Ambivalent_phenol_decomposition,20
214,Peat-20-2-2020_S28-spades_metabat.27,Bacteria,Actinobacteriota,Thermoleophilia,Solirubrobacterales,Solirubrobacteraceae,Palsa-744,,SPRUCE 2233,Peat.20.2.2020_S28.spades_metabat.27,8,13,Oxic_phenol_decomposition,21
 45,Peat-10-2-2022_S42-idba_metabat.24,Bacteria,Actinobacteriota,Thermoleophilia,Solirubrobacterales,Solirubrobacteraceae,Palsa-744,,SPRUCE 2064,Peat.10.2.2022_S42.idba_metabat.24,6,11,Oxic_phenol_decomposition,17
168,Peat-17-2-2021_S36-spades_metabat.6,Bacteria,Actinobacteriota,Thermoleophilia,Solirubrobacterales,Solirubrobacteraceae,Palsa-744,,SPRUCE 2187,Peat.17.2.2021_S36.spades_metabat.6,5,10,Oxic_phenol_decomposition,15
251,Peat-4-2-2022_S39-spades_metabat.35,Bacteria,Actinobacteriota,Thermoleophilia,Solirubrobacterales,Solirubrobacteraceae,Palsa-744,,SPRUCE 2270,Peat.4.2.2022_S39.spades_metabat.35,6,9,Oxic_phenol_decomposition,15
110,Peat-13-2-2021_S34-idba_metabat.45,Bacteria,Actinobacteriota,Thermoleophilia,Solirubrobacterales,Solirubrobacteraceae,Palsa-744,,SPRUCE 2129,Peat.13.2.2021_S34.idba_metabat.45,9,16,Oxic_phenol_decomposition,25
245,Peat-4-2-2021_S29-idba_metabat.58,Bacteria,Actinobacteriota,Thermoleophilia,Solirubrobacterales,Solirubrobacteraceae,Palsa-744,,SPRUCE 2264,Peat.4.2.2021_S29.idba_metabat.58,8,11,Ambivalent_phenol_decomposition,19
 26,Peat-10-2-2021_S32-idba_metabat.50,Bacteria,Actinobacteriota,Thermoleophilia,Solirubrobacterales,Solirubrobacteraceae,Palsa-744,,SPRUCE 2045,Peat.10.2.2021_S32.idba_metabat.50,8,14,Oxic_phenol_decomposition,22
136,Peat-16-2-2021_S35-idba_metabat.9_sub,Bacteria,Actinobacteriota,Thermoleophilia,Solirubrobacterales,Solirubrobacteraceae,Palsa-744,,SPRUCE 2155,Peat.16.2.2021_S35.idba_metabat.9_sub,8,22,Oxic_phenol_decomposition,30
188,Peat-19-2-2021_S37-idba_metabat.1_sub,Bacteria,Actinobacteriota,Thermoleophilia,Solirubrobacterales,Solirubrobacteraceae,Palsa-744,,SPRUCE 112,Peat.19.2.2021_S37.idba_metabat.1_sub,6,21,Oxic_phenol_decomposition,27
227,Peat-20-2-2021_S38-spades_maxbin.002_sub,Bacteria,Actinobacteriota,Thermoleophilia,Solirubrobacterales,Solirubrobacteraceae,Palsa-744,,SPRUCE 2246,Peat.20.2.2021_S38.spades_maxbin.002_sub,7,11,Oxic_phenol_decomposition,18
 18,Peat-10-2-2020_S23-spades_metabat.33,Bacteria,Actinobacteriota,Thermoleophilia,Solirubrobacterales,Solirubrobacteraceae,Palsa-744,,SPRUCE 2037,Peat.10.2.2020_S23.spades_metabat.33,6,14,Oxic_phenol_decomposition,20
240,Peat-4-2-2020_S20-spades_concoct.53,Bacteria,Actinobacteriota,Thermoleophilia,Solirubrobacterales,Solirubrobacteraceae,Palsa-744,,SPRUCE 623,Peat.4.2.2020_S20.spades_concoct.53,8,17,Oxic_phenol_decomposition,25
 15,Peat-10-2-2020_S23-idba_concoct.47,Bacteria,Eremiobacterota,Eremiobacteria,Baltobacterales,Baltobacteraceae,Cybelea,,SPRUCE 38,Peat.10.2.2020_S23.idba_concoct.47,5,7,Ambivalent_phenol_decomposition,12
 35,Peat-10-2-2022_S42-idba_concoct.125,Bacteria,Eremiobacterota,Eremiobacteria,Baltobacterales,Baltobacteraceae,Aquilonibacter,,SPRUCE 140,Peat.10.2.2022_S42.idba_concoct.125,8,31,Oxic_phenol_decomposition,39
274,Peat-6-2-2022_S40-idba_metabat.6,Bacteria,Eremiobacterota,Eremiobacteria,Baltobacterales,Baltobacteraceae,,,SPRUCE 2293,Peat.6.2.2022_S40.idba_metabat.6,5,8,Oxic_phenol_decomposition,13
228,Peat-20-2-2021_S38-spades_metabat.49,Bacteria,Eremiobacterota,Eremiobacteria,Baltobacterales,Baltobacteraceae,Velthaea,,SPRUCE 2247,Peat.20.2.2021_S38.spades_metabat.49,6,10,Oxic_phenol_decomposition,16
185,Peat-17-2-2022_S46-spades_metabat.9,Bacteria,Dormibacterota,Dormibacteria,UBA8260,Bog-877,Bog-877,,SPRUCE 2204,Peat.17.2.2022_S46.spades_metabat.9,5,24,Oxic_phenol_decomposition,29
 42,Peat-10-2-2022_S42-idba_metabat.20_sub,Bacteria,Dormibacterota,Dormibacteria,UBA8260,Bog-877,Bog-877,,SPRUCE 2061,Peat.10.2.2022_S42.idba_metabat.20_sub,6,20,Oxic_phenol_decomposition,26
 85,Peat-11-2-2021_S33-idba_metabat.62,Bacteria,Dormibacterota,Dormibacteria,UBA8260,UBA8260,,,SPRUCE 2104,Peat.11.2.2021_S33.idba_metabat.62,3,6,Oxic_phenol_decomposition,9
285,Peat-8-2-2020_S22-idba_metabat.6,Bacteria,Dormibacterota,Dormibacteria,UBA8260,UBA8260,,,SPRUCE 185,Peat.8.2.2020_S22.idba_metabat.6,3,6,Oxic_phenol_decomposition,9
258,Peat-6-2-2020_S21-spades_metabat.4,Bacteria,Dormibacterota,Dormibacteria,UBA8260,UBA8260,UBA8260,,SPRUCE 448,Peat.6.2.2020_S21.spades_metabat.4,6,7,Ambivalent_phenol_decomposition,13
 90,Peat-11-2-2021_S33-spades_metabat.25,Bacteria,Dormibacterota,Dormibacteria,UBA8260,UBA8260,UBA8260,,SPRUCE 2109,Peat.11.2.2021_S33.spades_metabat.25,6,10,Oxic_phenol_decomposition,16
239,Peat-4-2-2020_S20-idba_metabat.24,Bacteria,Dormibacterota,Dormibacteria,UBA8260,UBA8260,UBA8260,,SPRUCE 122,Peat.4.2.2020_S20.idba_metabat.24,4,9,Oxic_phenol_decomposition,13
 39,Peat-10-2-2022_S42-idba_maxbin.013,Bacteria,Actinobacteriota,Acidimicrobiia,Acidimicrobiales,Palsa-688,Fen-671,,SPRUCE 2058,Peat.10.2.2022_S42.idba_maxbin.013,5,18,Oxic_phenol_decomposition,23
 79,Peat-11-2-2021_S33-idba_metabat.14,Bacteria,Actinobacteriota,Acidimicrobiia,Acidimicrobiales,Bog-793,Bog-793,Bog-793 sp003159795,SPRUCE 2098,Peat.11.2.2021_S33.idba_metabat.14,2,7,Oxic_phenol_decomposition,9
 82,Peat-11-2-2021_S33-idba_metabat.42,Bacteria,Actinobacteriota,Acidimicrobiia,Acidimicrobiales,Bog-793,Bog-793,,SPRUCE 303,Peat.11.2.2021_S33.idba_metabat.42,1,8,Oxic_phenol_decomposition,9
148,Peat-16-2-2022_S45-idba_concoct.68,Bacteria,Actinobacteriota,Acidimicrobiia,Acidimicrobiales,Bog-793,Palsa-601,,SPRUCE 675,Peat.16.2.2022_S45.idba_concoct.68,8,24,Oxic_phenol_decomposition,32
122,Peat-13-2-2022_S44-spades_metabat.43,Bacteria,Actinobacteriota,Acidimicrobiia,Acidimicrobiales,Bog-793,Palsa-601,,SPRUCE 2141,Peat.13.2.2022_S44.spades_metabat.43,9,20,Oxic_phenol_decomposition,29
113,Peat-13-2-2022_S44-idba_maxbin.019_sub,Bacteria,Actinobacteriota,Acidimicrobiia,Acidimicrobiales,Bog-793,Palsa-601,,SPRUCE 2132,Peat.13.2.2022_S44.idba_maxbin.019_sub,8,16,Oxic_phenol_decomposition,24
231,Peat-20-2-2022_S48-idba_metabat.65,Bacteria,Actinobacteriota,Acidimicrobiia,Acidimicrobiales,Bog-793,Palsa-601,,SPRUCE 234,Peat.20.2.2022_S48.idba_metabat.65,10,24,Oxic_phenol_decomposition,34
157,Peat-17-2-2020_S27-idba_metabat.52,Bacteria,Actinobacteriota,Acidimicrobiia,Acidimicrobiales,Bog-793,Fen-455,Fen-455 sp003140595,SPRUCE 170,Peat.17.2.2020_S27.idba_metabat.52,4,9,Oxic_phenol_decomposition,13
283,Peat-8-2-2020_S22-idba_metabat.24,Bacteria,Actinobacteriota,Acidimicrobiia,Acidimicrobiales,Bog-793,Fen-455,,SPRUCE 259,Peat.8.2.2020_S22.idba_metabat.24,2,6,Oxic_phenol_decomposition,8
301,Peat-8-2-2022_S41-idba_metabat.61,Bacteria,Actinobacteriota,Acidimicrobiia,Acidimicrobiales,UBA8190,Chersky-840,,SPRUCE 298,Peat.8.2.2022_S41.idba_metabat.61,8,12,Oxic_phenol_decomposition,20
 61,Peat-10-2-2022_S42-spades_metabat.16,Bacteria,Actinobacteriota,Acidimicrobiia,Acidimicrobiales,RAAP-2,PALSA-457,,SPRUCE 2080,Peat.10.2.2022_S42.spades_metabat.16,7,22,Oxic_phenol_decomposition,29
167,Peat-17-2-2021_S36-idba_metabat.37,Bacteria,Actinobacteriota,Acidimicrobiia,Acidimicrobiales,RAAP-2,RAAP-2,,SPRUCE 356,Peat.17.2.2021_S36.idba_metabat.37,7,21,Oxic_phenol_decomposition,28
199,Peat-19-2-2022_S47-idba_maxbin.008,Bacteria,Actinobacteriota,Acidimicrobiia,Acidimicrobiales,RAAP-2,RAAP-2,,SPRUCE 2218,Peat.19.2.2022_S47.idba_maxbin.008,7,19,Oxic_phenol_decomposition,26
129,Peat-16-2-2021_S35-idba_maxbin.013_sub,Bacteria,Actinobacteriota,Acidimicrobiia,Acidimicrobiales,RAAP-2,RAAP-2,,SPRUCE 2148,Peat.16.2.2021_S35.idba_maxbin.013_sub,7,26,Oxic_phenol_decomposition,33
 46,Peat-10-2-2022_S42-idba_metabat.27,Bacteria,Actinobacteriota,Acidimicrobiia,Acidimicrobiales,RAAP-2,RAAP-2,,SPRUCE 2065,Peat.10.2.2022_S42.idba_metabat.27,7,19,Oxic_phenol_decomposition,26
 50,Peat-10-2-2022_S42-idba_metabat.36,Bacteria,Actinobacteriota,Acidimicrobiia,Acidimicrobiales,RAAP-2,RAAP-2,,SPRUCE 2069,Peat.10.2.2022_S42.idba_metabat.36,8,21,Oxic_phenol_decomposition,29
262,Peat-6-2-2021_S30-idba_metabat.62,Bacteria,Actinobacteriota,Acidimicrobiia,Acidimicrobiales,RAAP-2,RAAP-2,RAAP-2 sp003160115,SPRUCE 156,Peat.6.2.2021_S30.idba_metabat.62,5,14,Oxic_phenol_decomposition,19
298,Peat-8-2-2022_S41-idba_metabat.26,Bacteria,Actinobacteriota,Acidimicrobiia,Acidimicrobiales,RAAP-2,RAAP-2,,SPRUCE 158,Peat.8.2.2022_S41.idba_metabat.26,6,19,Oxic_phenol_decomposition,25
209,Peat-20-2-2020_S28-idba_concoct.92,Bacteria,Actinobacteriota,Acidimicrobiia,Acidimicrobiales,RAAP-2,RAAP-2,,SPRUCE 200,Peat.20.2.2020_S28.idba_concoct.92,1,8,Oxic_phenol_decomposition,9
140,Peat-16-2-2021_S35-spades_maxbin.012,Bacteria,Actinobacteriota,Acidimicrobiia,Acidimicrobiales,RAAP-2,RAAP-2,,SPRUCE 2159,Peat.16.2.2021_S35.spades_maxbin.012,5,21,Oxic_phenol_decomposition,26
306,Peat-8-2-2022_S41-spades_metabat.49_sub,Bacteria,Actinobacteriota,Acidimicrobiia,Acidimicrobiales,RAAP-2,Bog-473,,SPRUCE 599,Peat.8.2.2022_S41.spades_metabat.49_sub,8,13,Oxic_phenol_decomposition,21
257,Peat-6-2-2020_S21-idba_metabat.7,Bacteria,Actinobacteriota,Acidimicrobiia,Acidimicrobiales,RAAP-2,Bog-473,Bog-473 sp003169235,SPRUCE 205,Peat.6.2.2020_S21.idba_metabat.7,8,15,Oxic_phenol_decomposition,23
 57,Peat-10-2-2022_S42-idba_metabat.63,Bacteria,Actinobacteriota,Acidimicrobiia,Acidimicrobiales,RAAP-2,Bog-473,,SPRUCE 2076,Peat.10.2.2022_S42.idba_metabat.63,7,15,Oxic_phenol_decomposition,22
 32,Peat-10-2-2021_S32-spades_metabat.55,Bacteria,Actinobacteriota,Acidimicrobiia,Acidimicrobiales,RAAP-2,Bog-473,,SPRUCE 2051,Peat.10.2.2021_S32.spades_metabat.55,8,13,Oxic_phenol_decomposition,21
 23,Peat-10-2-2021_S32-idba_metabat.21,Bacteria,Actinobacteriota,Acidimicrobiia,Acidimicrobiales,RAAP-2,PALSA-457,,SPRUCE 2042,Peat.10.2.2021_S32.idba_metabat.21,9,25,Oxic_phenol_decomposition,34
 47,Peat-10-2-2022_S42-idba_metabat.31_sub,Bacteria,Actinobacteriota,Acidimicrobiia,Acidimicrobiales,RAAP-2,Palsa-461,,SPRUCE 2066,Peat.10.2.2022_S42.idba_metabat.31_sub,9,13,Ambivalent_phenol_decomposition,22
 49,Peat-10-2-2022_S42-idba_metabat.34,Bacteria,Actinobacteriota,Acidimicrobiia,Acidimicrobiales,RAAP-2,Palsa-461,,SPRUCE 2068,Peat.10.2.2022_S42.idba_metabat.34,9,12,Ambivalent_phenol_decomposition,21
248,Peat-4-2-2022_S39-idba_metabat.34,Bacteria,Actinobacteriota,Acidimicrobiia,Acidimicrobiales,RAAP-2,Bog-756,,SPRUCE 2267,Peat.4.2.2022_S39.idba_metabat.34,7,16,Oxic_phenol_decomposition,23
277,Peat-6-2-2022_S40-idba_metabat.8,Bacteria,Actinobacteriota,Acidimicrobiia,Acidimicrobiales,RAAP-2,Bog-756,,SPRUCE 2296,Peat.6.2.2022_S40.idba_metabat.8,10,15,Oxic_phenol_decomposition,25
260,Peat-6-2-2021_S30-idba_metabat.36,Bacteria,Actinobacteriota,Acidimicrobiia,Acidimicrobiales,RAAP-2,Bog-756,,SPRUCE 437,Peat.6.2.2021_S30.idba_metabat.36,9,10,Ambivalent_phenol_decomposition,19
144,Peat-16-2-2021_S35-spades_metabat.46,Bacteria,Actinobacteriota,Acidimicrobiia,Acidimicrobiales,RAAP-2,Bog-756,,SPRUCE 2163,Peat.16.2.2021_S35.spades_metabat.46,10,12,Ambivalent_phenol_decomposition,22
 22,Peat-10-2-2021_S32-idba_metabat.19,Bacteria,Actinobacteriota,Acidimicrobiia,Acidimicrobiales,RAAP-2,,,SPRUCE 2041,Peat.10.2.2021_S32.idba_metabat.19,7,14,Oxic_phenol_decomposition,21
134,Peat-16-2-2021_S35-idba_metabat.65,Bacteria,Actinobacteriota,Actinomycetia,Mycobacteriales,Mycobacteriaceae,Mycobacterium,,SPRUCE 109,Peat.16.2.2021_S35.idba_metabat.65,12,29,Oxic_phenol_decomposition,41
238,Peat-4-2-2020_S20-idba_metabat.20,Bacteria,Actinobacteriota,Actinomycetia,Mycobacteriales,Mycobacteriaceae,Mycobacterium,,SPRUCE 2257,Peat.4.2.2020_S20.idba_metabat.20,11,25,Oxic_phenol_decomposition,36
204,Peat-19-2-2022_S47-idba_metabat.41_sub,Bacteria,Actinobacteriota,Actinomycetia,Mycobacteriales,Mycobacteriaceae,Mycobacterium,,SPRUCE 417,Peat.19.2.2022_S47.idba_metabat.41_sub,12,37,Oxic_phenol_decomposition,49
264,Peat-6-2-2022_S40-idba_concoct.35,Bacteria,Actinobacteriota,Actinomycetia,Mycobacteriales,CAJCIY01,,,SPRUCE 2283,Peat.6.2.2022_S40.idba_concoct.35,7,21,Oxic_phenol_decomposition,28
 25,Peat-10-2-2021_S32-idba_metabat.44,Bacteria,Actinobacteriota,Actinomycetia,Streptosporangiales,Streptosporangiaceae,,,SPRUCE 273,Peat.10.2.2021_S32.idba_metabat.44,13,64,Oxic_phenol_decomposition,77
 52,Peat-10-2-2022_S42-idba_metabat.49,Bacteria,Actinobacteriota,Actinomycetia,Streptosporangiales,Streptosporangiaceae,Trebonia,,SPRUCE 2071,Peat.10.2.2022_S42.idba_metabat.49,14,59,Oxic_phenol_decomposition,73
202,Peat-19-2-2022_S47-idba_metabat.24_sub,Bacteria,Actinobacteriota,Actinomycetia,Streptosporangiales,Streptosporangiaceae,Trebonia,,SPRUCE 2221,Peat.19.2.2022_S47.idba_metabat.24_sub,14,63,Oxic_phenol_decomposition,77
272,Peat-6-2-2022_S40-idba_metabat.36,Bacteria,Actinobacteriota,Actinomycetia,Streptosporangiales,Streptosporangiaceae,JAFARZ01,,SPRUCE 2291,Peat.6.2.2022_S40.idba_metabat.36,10,46,Oxic_phenol_decomposition,56
118,Peat-13-2-2022_S44-idba_metabat.59,Bacteria,Actinobacteriota,Actinomycetia,Streptosporangiales,Streptosporangiaceae,Palsa-506,,SPRUCE 294,Peat.13.2.2022_S44.idba_metabat.59,11,40,Oxic_phenol_decomposition,51
 77,Peat-11-2-2021_S33-idba_concoct.90_sub,Bacteria,Actinobacteriota,Actinomycetia,Streptosporangiales,Streptosporangiaceae,Bog-532,,SPRUCE 160,Peat.11.2.2021_S33.idba_concoct.90_sub,8,25,Oxic_phenol_decomposition,33
210,Peat-20-2-2020_S28-idba_metabat.22,Bacteria,Actinobacteriota,Actinomycetia,Streptosporangiales,Streptosporangiaceae,UBA9676,,SPRUCE 164,Peat.20.2.2020_S28.idba_metabat.22,9,38,Oxic_phenol_decomposition,47
 37,Peat-10-2-2022_S42-idba_concoct.67,Bacteria,Chlamydiota,Chlamydiia,Chlamydiales,SM23-39,,,SPRUCE 2056,Peat.10.2.2022_S42.idba_concoct.67,2,0,Anoxic_phenol_decomposition,2
 89,Peat-11-2-2021_S33-spades_maxbin.072_sub,Bacteria,Chlamydiota,Chlamydiia,Chlamydiales,SM23-39,JACQAR01,,SPRUCE 2108,Peat.11.2.2021_S33.spades_maxbin.072_sub,1,0,Anoxic_phenol_decomposition,1
288,Peat-8-2-2021_S31-idba_concoct.108,Bacteria,Bacteroidota,Bacteroidia,AKYH767,Palsa-948_A,JABEUT01,,SPRUCE 2307,Peat.8.2.2021_S31.idba_concoct.108,2,2,Ambivalent_phenol_decomposition,4
 76,Peat-11-2-2021_S33-idba_concoct.89,Bacteria,Bacteroidota,Bacteroidia,AKYH767,Palsa-948_A,JABEUT01,,SPRUCE 2095,Peat.11.2.2021_S33.idba_concoct.89,4,16,Oxic_phenol_decomposition,20
278,Peat-6-2-2022_S40-spades_concoct.40,Bacteria,Bacteroidota,Bacteroidia,Chitinophagales,LD1,Bog-950,,SPRUCE 2297,Peat.6.2.2022_S40.spades_concoct.40,5,9,Oxic_phenol_decomposition,14
 33,Peat-10-2-2022_S42-idba_concoct.10,Bacteria,Bacteroidota,Bacteroidia,Chitinophagales,Chitinophagaceae,Puia,,SPRUCE 2052,Peat.10.2.2022_S42.idba_concoct.10,3,9,Oxic_phenol_decomposition,12
181,Peat-17-2-2022_S46-idba_metabat.67,Bacteria,FCPU426,JAAXVQ01,,,,,SPRUCE 2200,Peat.17.2.2022_S46.idba_metabat.67,3,3,Ambivalent_phenol_decomposition,6
208,Peat-20-2-2020_S28-idba_concoct.107,Bacteria,FCPU426,Palsa-1180,Palsa-1180,Palsa-1180,,,SPRUCE 2227,Peat.20.2.2020_S28.idba_concoct.107,1,3,Oxic_phenol_decomposition,4
 75,Peat-11-2-2021_S33-idba_concoct.20,Bacteria,FCPU426,Palsa-1180,Palsa-1180,Palsa-1180,,,SPRUCE 2094,Peat.11.2.2021_S33.idba_concoct.20,4,4,Ambivalent_phenol_decomposition,8
256,Peat-6-2-2020_S21-idba_metabat.61,Bacteria,Chloroflexota,Dehalococcoidia,Dehalococcoidales,Fen-1064,Fen-1064,,SPRUCE 129,Peat.6.2.2020_S21.idba_metabat.61,14,11,Ambivalent_phenol_decomposition,25
 11,Peat-6-2-2021_S30-idba_concoct.35_sub,Archaea,Micrarchaeota,Micrarchaeia,Micrarchaeales,Micrarchaeaceae,UBA12276,,SPRUCE 242,Peat.6.2.2021_S30.idba_concoct.35_sub,3,3,Ambivalent_phenol_decomposition,6
  5,Peat-13-2-2022_S44-idba_concoct.78,Archaea,Thermoproteota,Nitrososphaeria,Nitrososphaerales,UBA183,BOG-1369,,SPRUCE 2024,Peat.13.2.2022_S44.idba_concoct.78,4,8,Oxic_phenol_decomposition,12
  9,Peat-20-2-2022_S48-idba_metabat.73,Archaea,Halobacteriota,Methanosarcinia,Methanosarcinales,Methanosarcinaceae,Methanosarcina,,SPRUCE 2028,Peat.20.2.2022_S48.idba_metabat.73,4,6,Oxic_phenol_decomposition,10
  7,Peat-17-2-2020_S27-spades_metabat.18,Archaea,Halobacteriota,Methanosarcinia,Methanosarcinales,Methanosarcinaceae,Methanosarcina,,SPRUCE 2026,Peat.17.2.2020_S27.spades_metabat.18,4,5,Ambivalent_phenol_decomposition,9
  2,Peat-11-2-2021_S33-spades_concoct.126,Archaea,Halobacteriota,Methanosarcinia,Methanotrichales,Methanotrichaceae,UBA114,UBA114 sp002506335,SPRUCE 2021,Peat.11.2.2021_S33.spades_concoct.126,0,2,Oxic_phenol_decomposition,2
 10,Peat-6-2-2020_S21-spades_concoct.115,Archaea,Halobacteriota,Bog-38,Bog-38,Bog-38,Bog-38,Bog-38 sp003139855,SPRUCE 510,Peat.6.2.2020_S21.spades_concoct.115,4,7,Oxic_phenol_decomposition,11
  6,Peat-17-2-2020_S27-idba_concoct.42,Archaea,Halobacteriota,Methanomicrobia,Methanomicrobiales,Methanoregulaceae,Methanoregula,,SPRUCE 662,Peat.17.2.2020_S27.idba_concoct.42,3,7,Oxic_phenol_decomposition,10
  1,Peat-11-2-2021_S33-idba_metabat.84,Archaea,Halobacteriota,Methanomicrobia,Methanomicrobiales,Methanoregulaceae,Methanoregula,,SPRUCE 2020,Peat.11.2.2021_S33.idba_metabat.84,2,7,Oxic_phenol_decomposition,9
  4,Peat-13-2-2020_S25-spades_concoct.114,Archaea,Methanobacteriota,Methanobacteria,Methanobacteriales,Methanobacteriaceae,Methanobacterium_A,,SPRUCE 556,Peat.13.2.2020_S25.spades_concoct.114,2,3,Oxic_phenol_decomposition,5
 12,Peat-6-2-2021_S30-idba_metabat.7,Archaea,Thermoplasmatota,Thermoplasmata,UBA184,UBA184,UBA184,,SPRUCE 318,Peat.6.2.2021_S30.idba_metabat.7,6,7,Ambivalent_phenol_decomposition,13
 36,Peat-10-2-2022_S42-idba_concoct.15,Bacteria,Omnitrophota,Koll11,UBA10015,GCA-002753745,JABDGZ01,,SPRUCE 2055,Peat.10.2.2022_S42.idba_concoct.15,3,2,Anoxic_phenol_decomposition,5
255,Peat-6-2-2020_S21-idba_metabat.54,Bacteria,Desulfobacterota,Syntrophia,Syntrophales,Smithellaceae,Smithella,,SPRUCE 404,Peat.6.2.2020_S21.idba_metabat.54,8,9,Ambivalent_phenol_decomposition,17
229,Peat-20-2-2022_S48-idba_maxbin.037_sub,Bacteria,Desulfobacterota,Syntrophia,Syntrophales,Smithellaceae,UBA4810,UBA4810 sp002479215,SPRUCE 595,Peat.20.2.2022_S48.idba_maxbin.037_sub,9,13,Ambivalent_phenol_decomposition,22
237,Peat-4-2-2020_S20-idba_concoct.53,Bacteria,Desulfobacterota,Desulfobaccia,Desulfobaccales,0-14-0-80-60-11,0-14-0-80-60-11,,SPRUCE 340,Peat.4.2.2020_S20.idba_concoct.53,7,8,Ambivalent_phenol_decomposition,15
116,Peat-13-2-2022_S44-idba_metabat.49,Bacteria,Desulfobacterota,Syntrophobacteria,Syntrophobacterales,Syntrophobacteraceae,SbD1,,SPRUCE 305,Peat.13.2.2022_S44.idba_metabat.49,20,15,Ambivalent_phenol_decomposition,35
158,Peat-17-2-2020_S27-spades_concoct.119,Bacteria,Spirochaetota,Spirochaetia,Treponematales,UBA8932,UBA1306,,SPRUCE 2177,Peat.17.2.2020_S27.spades_concoct.119,6,7,Ambivalent_phenol_decomposition,13
104,Peat-13-2-2020_S25-spades_metabat.41,Bacteria,Fibrobacterota,Chitinivibrionia,Chitinivibrionales,Chitinispirillaceae,BOG-1184,,SPRUCE 450,Peat.13.2.2020_S25.spades_metabat.41,6,4,Anoxic_phenol_decomposition,10
292,Peat-8-2-2021_S31-idba_metabat.5,Bacteria,Verrucomicrobiota,Verrucomicrobiae,Opitutales,JABDGR01,JABDGR01,,SPRUCE 2311,Peat.8.2.2021_S31.idba_metabat.5,2,3,Oxic_phenol_decomposition,5
170,Peat-17-2-2022_S46-idba_concoct.49_sub,Bacteria,Verrucomicrobiota,Verrucomicrobiae,Opitutales,Opitutaceae,Palsa-1447,,SPRUCE 2189,Peat.17.2.2022_S46.idba_concoct.49_sub,1,7,Oxic_phenol_decomposition,8
263,Peat-6-2-2022_S40-idba_concoct.103,Bacteria,Verrucomicrobiota,Verrucomicrobiae,Opitutales,Opitutaceae,Palsa-1447,,SPRUCE 2282,Peat.6.2.2022_S40.idba_concoct.103,3,8,Oxic_phenol_decomposition,11
225,Peat-20-2-2021_S38-idba_metabat.45,Bacteria,Verrucomicrobiota,Verrucomicrobiae,Opitutales,Opitutaceae,Palsa-1447,,SPRUCE 2244,Peat.20.2.2021_S38.idba_metabat.45,1,2,Oxic_phenol_decomposition,3
120,Peat-13-2-2022_S44-idba_metabat.79,Bacteria,Verrucomicrobiota,Verrucomicrobiae,Opitutales,Opitutaceae,Palsa-1447,,SPRUCE 85,Peat.13.2.2022_S44.idba_metabat.79,2,6,Oxic_phenol_decomposition,8
 86,Peat-11-2-2021_S33-idba_metabat.69,Bacteria,Verrucomicrobiota,Verrucomicrobiae,Opitutales,Opitutaceae,Palsa-1447,,SPRUCE 2105,Peat.11.2.2021_S33.idba_metabat.69,2,4,Oxic_phenol_decomposition,6
294,Peat-8-2-2021_S31-idba_metabat.52,Bacteria,Verrucomicrobiota,Verrucomicrobiae,Opitutales,Opitutaceae,Palsa-1447,,SPRUCE 2313,Peat.8.2.2021_S31.idba_metabat.52,2,3,Oxic_phenol_decomposition,5
132,Peat-16-2-2021_S35-idba_metabat.41,Bacteria,Verrucomicrobiota,Verrucomicrobiae,Opitutales,Opitutaceae,Palsa-1447,,SPRUCE 557,Peat.16.2.2021_S35.idba_metabat.41,2,3,Oxic_phenol_decomposition,5
105,Peat-13-2-2021_S34-idba_concoct.106,Bacteria,Verrucomicrobiota,Verrucomicrobiae,Opitutales,Opitutaceae,Palsa-1447,,SPRUCE 2124,Peat.13.2.2021_S34.idba_concoct.106,1,6,Oxic_phenol_decomposition,7
197,Peat-19-2-2022_S47-idba_concoct.48,Bacteria,Verrucomicrobiota,Verrucomicrobiae,Opitutales,Opitutaceae,Palsa-1447,,SPRUCE 2216,Peat.19.2.2022_S47.idba_concoct.48,1,5,Oxic_phenol_decomposition,6
187,Peat-19-2-2021_S37-idba_metabat.12,Bacteria,Verrucomicrobiota,Verrucomicrobiae,Opitutales,Opitutaceae,Palsa-1447,,SPRUCE 2206,Peat.19.2.2021_S37.idba_metabat.12,1,2,Oxic_phenol_decomposition,3
126,Peat-16-2-2020_S26-idba_metabat.54,Bacteria,Verrucomicrobiota,Verrucomicrobiae,Palsa-1439,Palsa-1439,Palsa-1439,,SPRUCE 131,Peat.16.2.2020_S26.idba_metabat.54,5,5,Ambivalent_phenol_decomposition,10
117,Peat-13-2-2022_S44-idba_metabat.52,Bacteria,Verrucomicrobiota,Verrucomicrobiae,Palsa-1439,Palsa-1439,Palsa-1439,,SPRUCE 2136,Peat.13.2.2022_S44.idba_metabat.52,5,4,Ambivalent_phenol_decomposition,9
200,Peat-19-2-2022_S47-idba_maxbin.010,Bacteria,Verrucomicrobiota,Verrucomicrobiae,Pedosphaerales,Palsa-1400,Palsa-1400,,SPRUCE 2219,Peat.19.2.2022_S47.idba_maxbin.010,4,7,Oxic_phenol_decomposition,11
280,Peat-6-2-2022_S40-spades_metabat.61,Bacteria,Verrucomicrobiota,Verrucomicrobiae,Pedosphaerales,Palsa-1400,,,SPRUCE 2299,Peat.6.2.2022_S40.spades_metabat.61,4,8,Oxic_phenol_decomposition,12
128,Peat-16-2-2020_S26-spades_metabat.52_sub,Bacteria,Verrucomicrobiota,Verrucomicrobiae,Pedosphaerales,Palsa-1400,,,SPRUCE 434,Peat.16.2.2020_S26.spades_metabat.52_sub,6,5,Ambivalent_phenol_decomposition,11
286,Peat-8-2-2020_S22-spades_metabat.50,Bacteria,Verrucomicrobiota,Verrucomicrobiae,Pedosphaerales,Palsa-1400,,,SPRUCE 2305,Peat.8.2.2020_S22.spades_metabat.50,4,7,Oxic_phenol_decomposition,11
102,Peat-13-2-2020_S25-idba_metabat.29,Bacteria,Verrucomicrobiota,Verrucomicrobiae,Pedosphaerales,Palsa-1400,,,SPRUCE 2121,Peat.13.2.2020_S25.idba_metabat.29,2,5,Oxic_phenol_decomposition,7
166,Peat-17-2-2021_S36-idba_metabat.19,Bacteria,Verrucomicrobiota,Verrucomicrobiae,Pedosphaerales,Pedosphaeraceae,,,SPRUCE 2185,Peat.17.2.2021_S36.idba_metabat.19,2,4,Oxic_phenol_decomposition,6
159,Peat-17-2-2020_S27-spades_maxbin.004_sub,Bacteria,Verrucomicrobiota,Verrucomicrobiae,Pedosphaerales,UBA11358,UBA7542,,SPRUCE 2178,Peat.17.2.2020_S27.spades_maxbin.004_sub,4,5,Ambivalent_phenol_decomposition,9
 93,Peat-11-2-2021_S33-spades_metabat.79,Bacteria,Verrucomicrobiota,Verrucomicrobiae,Pedosphaerales,UBA11358,UBA7542,,SPRUCE 2112,Peat.11.2.2021_S33.spades_metabat.79,4,5,Ambivalent_phenol_decomposition,9
 70,Peat-11-2-2020_S24-spades_maxbin.001,Bacteria,Verrucomicrobiota,Verrucomicrobiae,Pedosphaerales,UBA11358,UBA7542,,SPRUCE 348,Peat.11.2.2020_S24.spades_maxbin.001,1,4,Oxic_phenol_decomposition,5
219,Peat-20-2-2021_S38-idba_metabat.12,Bacteria,Verrucomicrobiota,Verrucomicrobiae,Pedosphaerales,UBA11358,UBA11358,,SPRUCE 2238,Peat.20.2.2021_S38.idba_metabat.12,4,10,Oxic_phenol_decomposition,14
218,Peat-20-2-2021_S38-idba_concoct.93_sub,Bacteria,Verrucomicrobiota,Verrucomicrobiae,Pedosphaerales,UBA11358,UBA11358,,SPRUCE 2237,Peat.20.2.2021_S38.idba_concoct.93_sub,3,4,Ambivalent_phenol_decomposition,7
 51,Peat-10-2-2022_S42-idba_metabat.37,Bacteria,Verrucomicrobiota,Verrucomicrobiae,Pedosphaerales,UBA11358,,,SPRUCE 2070,Peat.10.2.2022_S42.idba_metabat.37,4,5,Ambivalent_phenol_decomposition,9
234,Peat-20-2-2022_S48-spades_metabat.6,Bacteria,Verrucomicrobiota,Verrucomicrobiae,Pedosphaerales,UBA8199,PALSA-1440,,SPRUCE 2253,Peat.20.2.2022_S48.spades_metabat.6,6,10,Oxic_phenol_decomposition,16
192,Peat-19-2-2021_S37-idba_metabat.6,Bacteria,Verrucomicrobiota,Verrucomicrobiae,Methylacidiphilales,UBA1321,JABDGH01,,SPRUCE 2211,Peat.19.2.2021_S37.idba_metabat.6,5,3,Anoxic_phenol_decomposition,8
215,Peat-20-2-2020_S28-spades_metabat.38,Bacteria,Verrucomicrobiota,Verrucomicrobiae,Chthoniobacterales,JAFAMB01,JAFAMB01,,SPRUCE 2234,Peat.20.2.2020_S28.spades_metabat.38,2,4,Oxic_phenol_decomposition,6
 21,Peat-10-2-2021_S32-idba_concoct.77,Bacteria,Verrucomicrobiota,Verrucomicrobiae,Chthoniobacterales,JAFAMB01,JAFAMB01,,SPRUCE 2040,Peat.10.2.2021_S32.idba_concoct.77,6,11,Oxic_phenol_decomposition,17
268,Peat-6-2-2022_S40-idba_metabat.21,Bacteria,Planctomycetota,UBA11346,UBA11346,UBA11346,BOG-1363,,SPRUCE 2287,Peat.6.2.2022_S40.idba_metabat.21,4,7,Oxic_phenol_decomposition,11
154,Peat-16-2-2022_S45-spades_metabat.31,Bacteria,Planctomycetota,Phycisphaerae,Tepidisphaerales,Tepidisphaeraceae,,,SPRUCE 670,Peat.16.2.2022_S45.spades_metabat.31,5,8,Oxic_phenol_decomposition,13
115,Peat-13-2-2022_S44-idba_metabat.46,Bacteria,Planctomycetota,Phycisphaerae,Tepidisphaerales,Tepidisphaeraceae,PALSA-1353,,SPRUCE 338,Peat.13.2.2022_S44.idba_metabat.46,8,6,Ambivalent_phenol_decomposition,14
 59,Peat-10-2-2022_S42-spades_concoct.53,Bacteria,Planctomycetota,Planctomycetia,Pirellulales,PALSA-1355,,,SPRUCE 2078,Peat.10.2.2022_S42.spades_concoct.53,4,8,Oxic_phenol_decomposition,12
 29,Peat-10-2-2021_S32-spades_concoct.36_sub,Bacteria,Planctomycetota,Planctomycetia,Planctomycetales,Planctomycetaceae,,,SPRUCE 2048,Peat.10.2.2021_S32.spades_concoct.36_sub,5,15,Oxic_phenol_decomposition,20
 73,Peat-11-2-2021_S33-idba_concoct.108,Bacteria,Planctomycetota,Planctomycetia,Planctomycetales,Planctomycetaceae,Schlesneria,,SPRUCE 2092,Peat.11.2.2021_S33.idba_concoct.108,2,7,Oxic_phenol_decomposition,9
112,Peat-13-2-2022_S44-idba_concoct.116,Bacteria,Planctomycetota,Planctomycetia,Gemmatales,Gemmataceae,SIAQ01,,SPRUCE 2131,Peat.13.2.2022_S44.idba_concoct.116,5,13,Oxic_phenol_decomposition,18
 56,Peat-10-2-2022_S42-idba_metabat.62,Bacteria,Planctomycetota,Planctomycetia,Gemmatales,Gemmataceae,Gemmata,,SPRUCE 2075,Peat.10.2.2022_S42.idba_metabat.62,7,16,Oxic_phenol_decomposition,23
