compound_set,grouping,predictor,n_features,n_increase,n_decrease,median_coef,median_coef_background,p_KS,q_KS,p_wilcox,q_wilcox,p_sign,q_sign
Peptides,Amino acid vs peptide,Temp_avg_top,144,25,119,-0.09537381256384644,0.047292996187160014,0.0016279746589040948,0.002441961988356142,1.6901215188583996e-15,2.9976021664879227e-15,2.559106730134256e-24,3.838660095201384e-24
Amino acids,Amino acid vs peptide,Temp_avg_top,140,59,81,-0.058739536390411906,0.04389611102399063,0.14941173307878428,0.14941173307878428,0.0021739219305697602,0.0021739219305697602,1.4824758055427745e-4,1.4824758055427745e-4
Peptides,Amino acid vs peptide,WT_drawdown,144,9,135,-0.48065633716939826,-0.11171807319759114,9.17286355811759e-58,1.3759295337176385e-57,2.0809946638197546e-31,3.1214919957296317e-31,1.741939617352418e-15,2.612909426028627e-15
Amino acids,Amino acid vs peptide,WT_drawdown,140,35,105,-0.1933036378848671,-0.11816005816358346,1.9900819334261214e-14,1.9900819334261214e-14,0.07064806069304433,0.07064806069304433,0.03164018089453744,0.03164018089453744
Carbohydrates,Carbohydrates,Temp_avg_top,34,12,22,-0.0692093996991176,0.04308138371993747,0.5203571701829,0.5203571701829,0.0015647538477361598,0.0015647538477361598,0.008873285427251895,0.008873285427251895
Carbohydrates,Carbohydrates,WT_drawdown,34,22,12,0.10443208985099166,-0.12159963519951936,0.0019521826182864466,0.0019521826182864466,1.0970130747223195e-4,1.0970130747223195e-4,1.882295087323817e-4,1.882295087323817e-4
Carboxylic acids and derivatives,Class,Temp_avg_top,313,107,206,-0.07867332155821918,0.06121528546653762,0.43747931673972784,0.5508998803389166,4.96652175136497e-13,1.6886173954640896e-11,5.311844682040175e-24,1.8060271918936596e-22
Prenol lipids,Class,Temp_avg_top,122,98,24,0.12288297312198687,0.03056111513522505,0.4158508622215472,0.5508998803389166,1.5952117404793853e-8,2.711859958814955e-7,4.669404951633577e-9,7.93798841777708e-8
Isoflavonoids,Class,Temp_avg_top,8,8,0,0.28797855046823967,0.039281854261217254,0.07989525623231475,0.27164387118987016,1.5872603547051334e-4,0.0017988950686658178,0.011753060263203413,0.0799208097897832
2-arylbenzofuran flavonoids,Class,Temp_avg_top,9,9,0,0.13616033040454248,0.039177627275305535,3.444103141903021e-6,1.1709950682470271e-4,0.007242265248969426,0.06155925461624012,0.006459062310954841,0.05989237067116254
Epoxides,Class,Temp_avg_top,8,1,7,-0.15298924038493134,0.040993873339274386,0.1836403025911414,0.41625135253992046,0.013169934800218797,0.08444653937958777,0.024696495200526462,0.13783367721222375
Diazanaphthalenes,Class,Temp_avg_top,11,8,3,0.35670917546152814,0.0395836171137032,0.039052564867885775,0.15505779577670412,0.01490233047875078,0.08444653937958777,0.36926726296605983,0.627460601688138
Indoles and derivatives,Class,Temp_avg_top,24,17,7,0.12652599644768547,0.03907340028939381,0.21799663210738174,0.4632428432281862,0.018643213928509317,0.09055275336704524,0.2162268025584465,0.5098473275533084
Flavonoids,Class,Temp_avg_top,38,15,23,-0.08719706997408722,0.041418107744449636,0.402423592979971,0.5508998803389166,0.023805333410867532,0.10117266699618702,0.032431453461699705,0.13783367721222375
Pyrimidine nucleosides,Class,Temp_avg_top,9,2,7,-0.19619491214390186,0.040927421882284015,0.12010689246557638,0.3097548155370558,0.030776555679294604,0.11626698812177962,0.0446647229046816,0.16873339763990824
Naphthofurans,Class,Temp_avg_top,21,18,3,0.10289033090192663,0.03907139589554531,0.04012190897468759,0.15505779577670412,0.04407987247380163,0.14987156641092553,0.007046161255430887,0.05989237067116254
Cinnamaldehydes,Class,Temp_avg_top,11,10,1,0.09410432474281072,0.039177627275305535,0.10783998407484885,0.3055466215454051,0.09513096365001217,0.2940411603727649,0.029180274925213856,0.13783367721222375
Steroids and steroid derivatives,Class,Temp_avg_top,71,35,36,-0.007415089708511911,0.04120599054186201,0.2744043613828928,0.4910393835272819,0.11953293709998884,0.3386766551166351,0.18866931773621481,0.5098473275533084
Organooxygen compounds,Class,Temp_avg_top,116,62,54,0.02271686510695339,0.040993873339274386,0.27377344617941246,0.4910393835272819,0.17357464839213768,0.41380440793362455,0.45367762262753675,0.6427099653890104
"Linear 1,3-diarylpropanoids",Class,Temp_avg_top,11,8,3,0.10741773892536738,0.03985773837725348,0.12754610051525828,0.3097548155370558,0.17450068855967316,0.41380440793362455,0.36926726296605983,0.627460601688138
Diazines,Class,Temp_avg_top,11,4,7,-0.08592687557794253,0.040974690398846304,0.31854744553474523,0.5157434832467304,0.1922658330233751,0.41380440793362455,0.22493264450881256,0.5098473275533084
Cinnamic acids and derivatives,Class,Temp_avg_top,17,11,6,0.07987478103056389,0.0395836171137032,0.5236623677300736,0.5743393710587903,0.19473148608641155,0.41380440793362455,0.6274689006304079,0.7484556739879941
Benzopyrans,Class,Temp_avg_top,12,5,7,-0.08963277278049706,0.04089933630614981,0.49957983419248575,0.5743393710587903,0.23227547856609707,0.46455095713219413,0.3838185564567478,0.627460601688138
Coumarins and derivatives,Class,Temp_avg_top,24,12,12,-0.03212321591986627,0.04029391516098959,0.00933137988239896,0.10575563866718822,0.24834016967518696,0.469086987164242,0.5399185275875175,0.7060473053067536
Purine nucleosides,Class,Temp_avg_top,15,6,9,-0.007671181033261588,0.04069049243505772,0.038166689009575094,0.15505779577670412,0.32891380260733866,0.5468157759228216,0.2013748072780803,0.5098473275533084
Quinolines and derivatives,Class,Temp_avg_top,11,8,3,0.100849124620264,0.03985773837725348,0.6032510888706031,0.6409542819250158,0.3385183285742903,0.5468157759228216,0.36926726296605983,0.627460601688138
Imidazopyrimidines,Class,Temp_avg_top,15,10,5,0.06935687406502035,0.03985773837725348,0.5100782322785469,0.5743393710587903,0.36815463096198275,0.5468157759228216,0.6040395177910142,0.7484556739879941
Pyridines and derivatives,Class,Temp_avg_top,22,12,10,0.024650818250966468,0.040481648563965626,0.10687392892875247,0.3055466215454051,0.3696886800043496,0.5468157759228216,0.8329553898751738,0.8581964622956336
Piperidines,Class,Temp_avg_top,19,11,8,0.09291143305261707,0.04013125447513884,0.3175909039755741,0.5157434832467304,0.36990478959484996,0.5468157759228216,1,1
Azoles,Class,Temp_avg_top,13,9,4,0.10190632000824791,0.04013125447513884,0.638973863044278,0.658336707378953,0.4118001443543222,0.5833835378352898,0.4148726903416409,0.627460601688138
Phenols,Class,Temp_avg_top,13,10,3,0.04228461930032649,0.03985773837725348,0.6703578728235309,0.6703578728235309,0.49039143957147324,0.6669323578172036,0.16908464785431077,0.5098473275533084
Fatty Acyls,Class,Temp_avg_top,206,120,86,0.04536039748454247,0.039281854261217254,0.033060490063223855,0.15505779577670412,0.5432041091591797,0.6971000979139264,0.6733692269849103,0.7631517905828983
Organonitrogen compounds,Class,Temp_avg_top,41,25,16,0.06424623780126744,0.03985773837725348,0.4750648428144493,0.5743393710587903,0.5535794895198827,0.6971000979139264,0.6383886631074067,0.7484556739879941
Benzene and substituted derivatives,Class,Temp_avg_top,78,48,30,0.06190985519654511,0.039420351262187535,0.03065124555776011,0.15505779577670412,0.7207991761929788,0.8300248882317798,0.4244586423184463,0.627460601688138
Stilbenes,Class,Temp_avg_top,21,14,7,0.03324305533813897,0.04038778186247761,1.3366236172696055e-4,0.0022722601493583294,0.763745038059025,0.8300248882317798,0.38801102562377987,0.627460601688138
Unsaturated hydrocarbons,Class,Temp_avg_top,13,10,3,0.0717311796158351,0.04013125447513884,0.40347909734217124,0.5508998803389166,0.7817859000233423,0.8300248882317798,0.16908464785431077,0.5098473275533084
Keto acids and derivatives,Class,Temp_avg_top,12,5,7,-0.04601835550969045,0.040481648563965626,0.36472112150144587,0.5508998803389166,0.7898069420320778,0.8300248882317798,0.3838185564567478,0.627460601688138
Pyrans,Class,Temp_avg_top,8,4,4,-0.02255167234332301,0.04029391516098959,0.23861889666799696,0.4772377933359939,0.7945227203795605,0.8300248882317798,0.7329391430754169,0.7787478395176304
Naphthalenes,Class,Temp_avg_top,18,12,6,0.034823883642787545,0.040481648563965626,0.42491482539850034,0.5508998803389166,0.8056123915190804,0.8300248882317798,0.4798251855794696,0.6525622523880787
Hydroxy acids and derivatives,Class,Temp_avg_top,8,4,4,0.03952518920624297,0.04029391516098959,0.04104471064677462,0.15505779577670412,0.8635039272508378,0.8635039272508378,0.7329391430754169,0.7787478395176304
Carboxylic acids and derivatives,Class,WT_drawdown,313,58,255,-0.35022438737800354,-0.10578663625378458,7.669598883861712e-60,2.607663620512982e-58,2.26606009784337e-16,7.704604332667458e-15,1.6801981126442786e-8,5.712673582990547e-7
Stilbenes,Class,WT_drawdown,21,15,6,0.12470890909018172,-0.14592912108437203,0.22137393833889363,0.3421233592510174,3.193856674976736e-5,5.429556347460451e-4,8.768187990542577e-5,0.001490591958392238
Flavonoids,Class,WT_drawdown,38,22,16,0.10688859350681111,-0.14597708397104694,0.7808236764397947,0.8296251562172818,1.7960758188717563e-4,0.0020355525947213238,2.636790202228848e-4,0.002241271671894521
Organooxygen compounds,Class,WT_drawdown,116,43,73,-0.06377788962489378,-0.14897085516905326,3.564163815166738e-5,2.1728300384834162e-4,6.567583861107895e-4,0.0050766458326950035,0.08316219032839908,0.28152083948018475
Naphthofurans,Class,WT_drawdown,21,14,7,0.08734969427205562,-0.14608781853468422,0.6595245728584374,0.7474611825728956,7.465655636316182e-4,0.0050766458326950035,4.806606260555595e-4,0.0032684922571778047
Isoflavonoids,Class,WT_drawdown,8,0,8,-0.4862010249306228,-0.13937062459302316,2.5460479443184525e-5,2.1641407526706846e-4,0.0013407381246525216,0.007597516039697622,0.11592034566831137,0.28152083948018475
Diazines,Class,WT_drawdown,11,0,11,-0.5082299683905683,-0.13926015008869175,7.233425198516219e-5,3.5133779535650203e-4,0.002216779244832292,0.010767213474899702,0.041701078461367176,0.2025480953837834
Prenol lipids,Class,WT_drawdown,122,29,93,-0.25044021744121814,-0.13513911622935074,2.978788336878819e-11,5.063940172693992e-10,0.0032769755714161684,0.013927146178518715,0.1156920482975477,0.28152083948018475
Keto acids and derivatives,Class,WT_drawdown,12,7,5,0.02984244289204105,-0.14306117570437882,0.32397515984126457,0.44060621738411987,0.006115139947471482,0.02310163980155893,0.05179632301401721,0.21614819026161294
Diazanaphthalenes,Class,WT_drawdown,11,1,10,-0.43638086160147566,-0.13926015008869175,3.834405950264852e-5,2.1728300384834162e-4,0.009904805952940974,0.03367634023999931,0.19083182635528045,0.40551763100497096
Naphthalenes,Class,WT_drawdown,18,10,8,0.05819135728464067,-0.1456608715697774,0.24582707040218477,0.3633965388554035,0.010920792307400617,0.03375517622287463,0.03476138153128808,0.19698116201063245
Benzene and substituted derivatives,Class,WT_drawdown,78,38,40,-0.0027327833833310743,-0.14672800648107212,0.0036743763079033487,0.009609907266824144,0.0180579451665015,0.05116417797175425,2.574867239462518e-4,0.002241271671894521
Epoxides,Class,WT_drawdown,8,0,8,-0.4122740254121243,-0.14094069854360222,1.4732918405913065e-4,5.565769175567158e-4,0.030120126064032346,0.07877571432131537,0.11592034566831137,0.28152083948018475
Cinnamaldehydes,Class,WT_drawdown,11,5,6,-0.02174633207366278,-0.1443610236370781,0.07763920100961108,0.12570156353937031,0.03668208227023739,0.08323339506930731,0.32295808241082086,0.47741629573773514
Imidazopyrimidines,Class,WT_drawdown,15,2,13,-0.3838955801550649,-0.1401556615683127,0.0077224875717085695,0.017504305162539424,0.036720615471753225,0.08323339506930731,0.25851416096075464,0.4394740736332829
Pyrimidine nucleosides,Class,WT_drawdown,9,1,8,-0.46480582120537384,-0.14095182666501066,5.704395900362202e-4,0.0019394946061231488,0.044026226087313124,0.09355573043554039,0.29384273801884775,0.45412059512003744
Indoles and derivatives,Class,WT_drawdown,24,4,20,-0.29709579451226475,-0.14114566907847517,1.0007922399790647e-4,4.253367019911025e-4,0.05130639259868391,0.10261278519736781,0.1844097218288288,0.40551763100497096
Fatty Acyls,Class,WT_drawdown,206,58,148,-0.10920574482847427,-0.14897085516905326,7.066330435256606e-9,8.008507826624154e-8,0.05536391090390902,0.10457627615182814,0.5445096388280675,0.7120510661597805
Steroids and steroid derivatives,Class,WT_drawdown,71,15,56,-0.19753803662031075,-0.13926015008869175,0.010247944028028866,0.02177688105956134,0.07464018613567627,0.13356664887436806,0.09414191668423565,0.28152083948018475
Purine nucleosides,Class,WT_drawdown,15,2,13,-0.3172298600441442,-0.1401556615683127,0.4453031112072795,0.5407252064659822,0.08044835414044842,0.1367622020387623,0.25851416096075464,0.4394740736332829
Benzopyrans,Class,WT_drawdown,12,5,7,-0.06271511630374269,-0.14303092114346905,0.9144413835601379,0.9144413835601379,0.11717680047256218,0.18764031676325862,0.361073484998353,0.5115207704143334
Organonitrogen compounds,Class,WT_drawdown,41,15,26,-0.08949130739036526,-0.1425186341669546,0.3393791327224299,0.44380348125240837,0.1214143226115203,0.18764031676325862,0.3934761973272499,0.5351276283650599
Coumarins and derivatives,Class,WT_drawdown,24,8,16,-0.10547542382027592,-0.14296047889080735,0.05005999145641271,0.0851019854759016,0.1415629511408587,0.20926697125170415,0.8239483952672554,0.8754451699714588
Pyrans,Class,WT_drawdown,8,4,4,-0.0025539131311360097,-0.14200634719044014,0.29193696453973295,0.41357736643128834,0.2013524282657786,0.2852492733765197,0.2513788988253294,0.4394740736332829
Unsaturated hydrocarbons,Class,WT_drawdown,13,6,7,-0.016862180118777863,-0.14248341304062373,0.6954915302041246,0.7627971621593623,0.28514038327999147,0.38779092126078846,0.22833566680944895,0.4394740736332829
Azoles,Class,WT_drawdown,13,3,10,-0.24878003289291795,-0.14118176848306208,0.002221252869621937,0.00686569068792235,0.3229490037978453,0.4223179280433362,0.7661598746678131,0.8683145246235215
Pyridines and derivatives,Class,WT_drawdown,22,6,16,-0.11243464292211186,-0.14200634719044014,0.021513780703809715,0.04063714132941835,0.3488623876329735,0.4393081918341148,1,1
Piperidines,Class,WT_drawdown,19,7,12,-0.044765037847942626,-0.14248341304062373,0.03264430374743199,0.058416122495404614,0.3838003203029312,0.45319002235525485,0.6166747104918109,0.776553339137836
Hydroxy acids and derivatives,Class,WT_drawdown,8,5,3,0.03874446914286543,-0.14200634719044014,0.3861751491473159,0.48629463225958297,0.3865444308324233,0.45319002235525485,0.057215697422191666,0.21614819026161294
Cinnamic acids and derivatives,Class,WT_drawdown,17,4,13,-0.17661278904721645,-0.14118176848306208,0.021271681885567273,0.04063714132941835,0.7942809790944549,0.9001851096403822,0.7920297294068702,0.8686777677365672
2-arylbenzofuran flavonoids,Class,WT_drawdown,9,1,8,-0.10554800601580029,-0.14299570001713818,0.004390916546488044,0.010663654470042392,0.9053547885711193,0.9739456536364508,0.29384273801884775,0.45412059512003744
Phenols,Class,WT_drawdown,13,3,10,-0.126735309733875,-0.14161210753904455,0.8129382033136123,0.8375726943231158,0.9166547328343067,0.9739456536364508,0.7661598746678131,0.8683145246235215
Quinolines and derivatives,Class,WT_drawdown,11,4,7,-0.16585298553512146,-0.14118176848306208,0.003380891076121384,0.009579191382343921,0.9846579023134954,0.9927323431826829,0.7432736987177218,0.8683145246235215
"Linear 1,3-diarylpropanoids",Class,WT_drawdown,11,3,8,-0.06450362695654205,-0.14161210753904455,0.4939918621698388,0.5791628728887764,0.9927323431826829,0.9927323431826829,1,1
Phenolic - Multi-ring,Phenolic ring count,Temp_avg_top,153,99,54,0.07550531462329996,0.0774923384411095,0.0013926250590375682,0.0027852501180751364,0.8212884940198004,0.8212884940198004,0.4901671658558324,0.5762344486483785
Phenolic - Single-ring,Phenolic ring count,Temp_avg_top,126,85,41,0.0774923384411095,0.07550531462329996,0.03683156650919884,0.03683156650919884,0.8212884940198004,0.8212884940198004,0.5762344486483785,0.5762344486483785
Phenolic - Multi-ring,Phenolic ring count,WT_drawdown,153,64,89,-0.08192463491957105,-0.028618037868571276,8.396613456108147e-6,1.6793226912216295e-5,0.6002158800777844,0.6002158800777844,0.9345959434434811,0.9345959434434811
Phenolic - Single-ring,Phenolic ring count,WT_drawdown,126,52,74,-0.028618037868571276,-0.08192463491957105,0.009491813573516394,0.009491813573516394,0.6002158800777844,0.6002158800777844,0.9282549036127163,0.9345959434434811
Organic acids and derivatives,Superclass,Temp_avg_top,349,127,222,-0.06952341463502935,0.06313972002750874,0.6331877446953369,0.6907502669403675,5.005586931543459e-12,6.006704317852151e-11,1.3217448682528862e-23,1.5860938419034636e-22
Alkaloids and derivatives,Superclass,Temp_avg_top,25,21,4,0.137252142525554,0.039746882965218874,2.716256306004583e-4,0.0032595075672054996,0.0025953330231496263,0.015571998138897758,0.0073413232824414455,0.029365293129765782
Organoheterocyclic compounds,Superclass,Temp_avg_top,267,169,98,0.0603880931874052,0.037820729438488326,0.019545083484858353,0.07818033393943341,0.014299606716304147,0.047602869837389816,0.013631155633097473,0.032714773519433936
Lipids and lipid-like molecules,Superclass,Temp_avg_top,410,262,148,0.0633713070482183,0.028179299246691145,0.1573643705486099,0.3147287410972198,0.01586762327912994,0.047602869837389816,1.5734486865375848e-4,9.440692119225509e-4
"Lignans, neolignans and related compounds",Superclass,Temp_avg_top,8,8,0,0.1418980481535611,0.04069049243505772,0.9298101614912162,0.9298101614912162,0.021051997190654204,0.05052479325757009,0.01206304603731618,0.032714773519433936
Phenylpropanoids and polyketides,Superclass,Temp_avg_top,169,108,61,0.07867829719716819,0.03674909842924244,6.131518080474354e-4,0.0036789108482846123,0.0622906049675338,0.11974205810676139,0.04404764313819465,0.06607146470729197
"Nucleosides, nucleotides, and analogues",Superclass,Temp_avg_top,28,10,18,-0.07336790521388621,0.04284476433686209,0.5706934017735188,0.6848320821282226,0.06984953389561081,0.11974205810676139,0.022310113157384702,0.044620226314769404
Organosulfur compounds,Superclass,Temp_avg_top,6,5,1,0.2641396229999033,0.040974690398846304,0.06526266880075005,0.1566304051218001,0.09789861294247193,0.1468479194137079,0.24560503565968556,0.3274733808795807
Organic oxygen compounds,Superclass,Temp_avg_top,116,62,54,0.02271686510695339,0.04300102585967091,0.27377344617941246,0.4106601692691187,0.15502504510480958,0.2067000601397461,0.4000211035006235,0.48002532420074817
Benzenoids,Superclass,Temp_avg_top,127,83,44,0.05452309539921188,0.039746882965218874,0.06204024574379118,0.1566304051218001,0.42858364279977046,0.5143003713597245,0.03993090356698406,0.06607146470729197
Organic nitrogen compounds,Superclass,Temp_avg_top,41,25,16,0.06424623780126744,0.04095550745841822,0.4750648428144493,0.6334197904192657,0.5776498535593118,0.6301634766101583,0.6393595857693055,0.6393595857693055
Hydrocarbons,Superclass,Temp_avg_top,15,10,5,0.028007602532907124,0.041418107744449636,0.1982886782717519,0.33992344846586037,0.9933539262550648,0.9933539262550648,0.6041061402164404,0.6393595857693055
Organic acids and derivatives,Superclass,WT_drawdown,349,76,273,-0.3279411723902485,-0.10641032278549283,1.3840169305157386e-60,1.6608203166188862e-59,7.990475811139633e-13,9.588570973367558e-12,1.2849964619058384e-5,1.541995754287006e-4
Phenylpropanoids and polyketides,Superclass,WT_drawdown,169,65,104,-0.08030243487572886,-0.14914854421148843,1.6974347701918734e-4,4.073843448460496e-4,2.3478704944412954e-4,0.0014087222966647772,0.008476051788971551,0.033904207155886205
Organic oxygen compounds,Superclass,WT_drawdown,116,43,73,-0.06377788962489378,-0.14814867235913193,3.564163815166738e-5,1.0692491445500214e-4,7.300240815972803e-4,0.002920096326389121,0.08305530819775381,0.16611061639550762
Benzenoids,Superclass,WT_drawdown,127,57,70,-0.02364159598785017,-0.1485241550666361,0.0059799599758082085,0.011870967191566946,0.002412895483757227,0.007238686451271681,1.1439564689513917e-4,6.86373881370835e-4
"Nucleosides, nucleotides, and analogues",Superclass,WT_drawdown,28,4,24,-0.3231061037050611,-0.13682076060237403,0.05106081271528706,0.0765912190729306,0.011085831974797296,0.02660599673951351,0.06676067452490367,0.1602256188597688
Alkaloids and derivatives,Superclass,WT_drawdown,25,5,20,-0.06280207291317413,-0.14303092114346905,0.6208671223409242,0.745040546809109,0.12406850559647742,0.21709569304599757,0.3832936189345697,0.5244617670443341
Organic nitrogen compounds,Superclass,WT_drawdown,41,15,26,-0.08949130739036526,-0.14096295478641913,0.3393791327224299,0.4525055102965732,0.12663915427683192,0.21709569304599757,0.39334632528325064,0.5244617670443341
Hydrocarbons,Superclass,WT_drawdown,15,7,8,-0.016862180118777863,-0.14114566907847517,0.9162746009117493,0.9162746009117493,0.17840582296671137,0.26760873445006705,0.16501790935229801,0.28288784460393945
Lipids and lipid-like molecules,Superclass,WT_drawdown,410,106,304,-0.14764425884091797,-0.13593642753755503,1.7350613609002407e-19,1.0410368165401445e-18,0.21667724192972712,0.28890298923963614,0.01250054394022897,0.037501631820686915
Organoheterocyclic compounds,Superclass,WT_drawdown,267,85,182,-0.11330821476885597,-0.14597708397104694,1.158734634549364e-15,4.634938538197456e-15,0.29928582961183525,0.3426516526798895,0.46125122876942876,0.5535014745233144
Organosulfur compounds,Superclass,WT_drawdown,6,2,4,-0.39863935346626284,-0.13926015008869175,0.006924730861747386,0.011870967191566946,0.3140973482898987,0.3426516526798895,1,1
"Lignans, neolignans and related compounds",Superclass,WT_drawdown,8,2,6,-0.0968476986530342,-0.14095182666501066,0.8921833424718421,0.9162746009117493,0.7325015494333997,0.7325015494333997,1,1
