module,Definition,Citation
3-hydroxybenzoate conversion to protocatechuic acid (oxic),K19065,"McGivern, B., Reed, W., Rory, F., & Kelly, W. (2024). CAMPER (Version 1.0.0) [Computer software]. https://doi.org/10.5281/zenodo.10835273"
3-methylcatechol degradation (oxic),K16270 K10702,"McGivern, B., Reed, W., Rory, F., & Kelly, W. (2024). CAMPER (Version 1.0.0) [Computer software]. https://doi.org/10.5281/zenodo.10835273"
3-o-methylgallate coversion to gallate (oxic),K15066,"McGivern, B., Reed, W., Rory, F., & Kelly, W. (2024). CAMPER (Version 1.0.0) [Computer software]. https://doi.org/10.5281/zenodo.10835273"
3-o-methylgallate degradation (oxic),K15065,"McGivern, B., Reed, W., Rory, F., & Kelly, W. (2024). CAMPER (Version 1.0.0) [Computer software]. https://doi.org/10.5281/zenodo.10835273"
4-hydroxybenzoate conversion to benzoyl-coa (anoxic),"K04105,K20458 K04108+K04109+K04107","McGivern, B., Reed, W., Rory, F., & Kelly, W. (2024). CAMPER (Version 1.0.0) [Computer software]. https://doi.org/10.5281/zenodo.10835273"
4-hydroxyphenylacetate conversion to homoprotocatechuic acid (oxic),K00483+K00484+K23470+K23492,"McGivern, B., Reed, W., Rory, F., & Kelly, W. (2024). CAMPER (Version 1.0.0) [Computer software]. https://doi.org/10.5281/zenodo.10835273"
4-methoxybenzoate conversion (oxic),K22553,"McGivern, B., Reed, W., Rory, F., & Kelly, W. (2024). CAMPER (Version 1.0.0) [Computer software]. https://doi.org/10.5281/zenodo.10835273"
4-methylcatechol degradation- meta-cleavage route 1 (oxic) R1,K00446 K10217 K01821 K01617 K18364 K18365,"McGivern, B., Reed, W., Rory, F., & Kelly, W. (2024). CAMPER (Version 1.0.0) [Computer software]. https://doi.org/10.5281/zenodo.10835273"
4-methylcatechol degradation- meta-cleavage route 2 (oxic) R2,K07104 K10216 K02554 K01666,"McGivern, B., Reed, W., Rory, F., & Kelly, W. (2024). CAMPER (Version 1.0.0) [Computer software]. https://doi.org/10.5281/zenodo.10835273"
"5,5'-dehydrodivanillate conversion to vanillate (oxic)",K15060+K24244+K24245 K15061 K15062 K15063,"McGivern, B., Reed, W., Rory, F., & Kelly, W. (2024). CAMPER (Version 1.0.0) [Computer software]. https://doi.org/10.5281/zenodo.10835273"
benzene conversion to catechol (oxic),K03268+K16268+K18089+K18090 K16269,"McGivern, B., Reed, W., Rory, F., & Kelly, W. (2024). CAMPER (Version 1.0.0) [Computer software]. https://doi.org/10.5281/zenodo.10835273"
benzene conversion to phenol (oxic),K16249+K16243+K16244+K16242+K16245+K16246,"McGivern, B., Reed, W., Rory, F., & Kelly, W. (2024). CAMPER (Version 1.0.0) [Computer software]. https://doi.org/10.5281/zenodo.10835273"
benzoate conversion to benzoyl-coa (oxic or anoxic),K04110,"McGivern, B., Reed, W., Rory, F., & Kelly, W. (2024). CAMPER (Version 1.0.0) [Computer software]. https://doi.org/10.5281/zenodo.10835273"
benzoate degradation to catechol (oxic),K05549+K05550+K05784 K05783,"McGivern, B., Reed, W., Rory, F., & Kelly, W. (2024). CAMPER (Version 1.0.0) [Computer software]. https://doi.org/10.5281/zenodo.10835273"
benzoate degradation to protocatechuic acid (oxic),K07824 K00481,"McGivern, B., Reed, W., Rory, F., & Kelly, W. (2024). CAMPER (Version 1.0.0) [Computer software]. https://doi.org/10.5281/zenodo.10835273"
benzoquinone reductase (non-specific),AA6,"McGivern, B., Reed, W., Rory, F., & Kelly, W. (2024). CAMPER (Version 1.0.0) [Computer software]. https://doi.org/10.5281/zenodo.10835273"
benzoyl-coa degradation (oxic),K15511+K15512 K15513 K15514,"McGivern, B., Reed, W., Rory, F., & Kelly, W. (2024). CAMPER (Version 1.0.0) [Computer software]. https://doi.org/10.5281/zenodo.10835273"
benzoyl-coa degradation route 1 (anoxic) R1,K04114+K04113+K04112+K04115 K07537 K07538 K07539,"McGivern, B., Reed, W., Rory, F., & Kelly, W. (2024). CAMPER (Version 1.0.0) [Computer software]. https://doi.org/10.5281/zenodo.10835273"
benzoyl-coa degradation route 2 (anoxic) R2,K19515+K19516 K07537 K07538 K07539,"McGivern, B., Reed, W., Rory, F., & Kelly, W. (2024). CAMPER (Version 1.0.0) [Computer software]. https://doi.org/10.5281/zenodo.10835273"
benzoyl-coa degradation route 3 (anoxic) R3,K19066 K07534 K07535 K07536,"McGivern, B., Reed, W., Rory, F., & Kelly, W. (2024). CAMPER (Version 1.0.0) [Computer software]. https://doi.org/10.5281/zenodo.10835273"
biphenyl conversion to benzoate (oxic),K08689+K15750+K18087+K18088 K08690 K00462 K10222,"McGivern, B., Reed, W., Rory, F., & Kelly, W. (2024). CAMPER (Version 1.0.0) [Computer software]. https://doi.org/10.5281/zenodo.10835273"
caffeate respiration (anoxic),"D00018+D00017+D00016,K22430+D00015,K22431+D00014,K22432","McGivern, B., Reed, W., Rory, F., & Kelly, W. (2024). CAMPER (Version 1.0.0) [Computer software]. https://doi.org/10.5281/zenodo.10835273"
catechol degradation- meta-cleavage route 1 (oxic) R1,K00446 K10217 K01821 K01617 K18364 K18365,"McGivern, B., Reed, W., Rory, F., & Kelly, W. (2024). CAMPER (Version 1.0.0) [Computer software]. https://doi.org/10.5281/zenodo.10835273"
catechol degradation- meta-cleavage route 2 (oxic) R2,K07104 K10216 K02554 K01666,"McGivern, B., Reed, W., Rory, F., & Kelly, W. (2024). CAMPER (Version 1.0.0) [Computer software]. https://doi.org/10.5281/zenodo.10835273"
catechol degradation- ortho cleavage (oxic),K03381 K01856 K03464 K01055,"McGivern, B., Reed, W., Rory, F., & Kelly, W. (2024). CAMPER (Version 1.0.0) [Computer software]. https://doi.org/10.5281/zenodo.10835273"
chlorogenic acid cleavage (oxic or anoxic),D00034,"McGivern, B., Reed, W., Rory, F., & Kelly, W. (2024). CAMPER (Version 1.0.0) [Computer software]. https://doi.org/10.5281/zenodo.10835273"
coniferyl alcohol conversion to ferulic acid (oxic),"D00026 D00037,K00154,K12355","McGivern, B., Reed, W., Rory, F., & Kelly, W. (2024). CAMPER (Version 1.0.0) [Computer software]. https://doi.org/10.5281/zenodo.10835273"
coumaric acid conversion (oxic),D00039,"McGivern, B., Reed, W., Rory, F., & Kelly, W. (2024). CAMPER (Version 1.0.0) [Computer software]. https://doi.org/10.5281/zenodo.10835273"
cumic acid degradation (oxic),K10619+K16303+K16304+K18227 K10620 K10621 K10622 K10623,"McGivern, B., Reed, W., Rory, F., & Kelly, W. (2024). CAMPER (Version 1.0.0) [Computer software]. https://doi.org/10.5281/zenodo.10835273"
curcumin conversion,"D00019,K23256","McGivern, B., Reed, W., Rory, F., & Kelly, W. (2024). CAMPER (Version 1.0.0) [Computer software]. https://doi.org/10.5281/zenodo.10835273"
cymene conversion to cumic acid (oxic),K10616+K18293 K10617 K10618,"McGivern, B., Reed, W., Rory, F., & Kelly, W. (2024). CAMPER (Version 1.0.0) [Computer software]. https://doi.org/10.5281/zenodo.10835273"
dehydroconiferyl alcohol conversion (oxic or anoxic),D00028+D00029 D00030+D00031,"McGivern, B., Reed, W., Rory, F., & Kelly, W. (2024). CAMPER (Version 1.0.0) [Computer software]. https://doi.org/10.5281/zenodo.10835273"
dehydroconiferyl alcohol conversion (oxic),D00007,"McGivern, B., Reed, W., Rory, F., & Kelly, W. (2024). CAMPER (Version 1.0.0) [Computer software]. https://doi.org/10.5281/zenodo.10835273"
ethylbenzene conversion to benzoyl-coa (anoxic),K10700+K17048+K17049 K14746 K10701 K14747 K00632,"McGivern, B., Reed, W., Rory, F., & Kelly, W. (2024). CAMPER (Version 1.0.0) [Computer software]. https://doi.org/10.5281/zenodo.10835273"
ethylbenzene degradation (oxic),K14748+K14749+K14750  K14751 K18092,"McGivern, B., Reed, W., Rory, F., & Kelly, W. (2024). CAMPER (Version 1.0.0) [Computer software]. https://doi.org/10.5281/zenodo.10835273"
eugenol conversion to coniferyl alcohol (oxic),D00024+D00025,"McGivern, B., Reed, W., Rory, F., & Kelly, W. (2024). CAMPER (Version 1.0.0) [Computer software]. https://doi.org/10.5281/zenodo.10835273"
ferulic acid conversion to vanillin (oxic),"D00038,K12508 K18383","McGivern, B., Reed, W., Rory, F., & Kelly, W. (2024). CAMPER (Version 1.0.0) [Computer software]. https://doi.org/10.5281/zenodo.10835273"
flavanone degradation (oxic),D00039,"McGivern, B., Reed, W., Rory, F., & Kelly, W. (2024). CAMPER (Version 1.0.0) [Computer software]. https://doi.org/10.5281/zenodo.10835273"
flavone degradation (oxic),D00039,"McGivern, B., Reed, W., Rory, F., & Kelly, W. (2024). CAMPER (Version 1.0.0) [Computer software]. https://doi.org/10.5281/zenodo.10835273"
flavone/flavanone degradation to phloroglucinol (anoxic),"D00009,K26176 D00003,K26177+D00001,K26178 D00006,K22906","McGivern, B., Reed, W., Rory, F., & Kelly, W. (2024). CAMPER (Version 1.0.0) [Computer software]. https://doi.org/10.5281/zenodo.10835273"
flavonol/flavanonol degradation to phloroglucinol (anoxic),"D00009,K26176 D00003,K26177+D00001,K26178 D00006,K22906","McGivern, B., Reed, W., Rory, F., & Kelly, W. (2024). CAMPER (Version 1.0.0) [Computer software]. https://doi.org/10.5281/zenodo.10835273"
gallate conversion to pyrogallol (anoxic),K22959+K22958+K22960,"McGivern, B., Reed, W., Rory, F., & Kelly, W. (2024). CAMPER (Version 1.0.0) [Computer software]. https://doi.org/10.5281/zenodo.10835273"
gallate degradation (oxic),K04099,"McGivern, B., Reed, W., Rory, F., & Kelly, W. (2024). CAMPER (Version 1.0.0) [Computer software]. https://doi.org/10.5281/zenodo.10835273"
gentisic acid degradation route 1 (oxic) R1,K00450 K20758,"McGivern, B., Reed, W., Rory, F., & Kelly, W. (2024). CAMPER (Version 1.0.0) [Computer software]. https://doi.org/10.5281/zenodo.10835273"
gentisic acid degradation route 2 (oxic) R2,K00450 K01801 K16165,"McGivern, B., Reed, W., Rory, F., & Kelly, W. (2024). CAMPER (Version 1.0.0) [Computer software]. https://doi.org/10.5281/zenodo.10835273"
guaiacol conversion to catechol (oxic),K23526+K23527,"McGivern, B., Reed, W., Rory, F., & Kelly, W. (2024). CAMPER (Version 1.0.0) [Computer software]. https://doi.org/10.5281/zenodo.10835273"
homogentisic acid degradation (oxic),K00451 K01800 K01555,"McGivern, B., Reed, W., Rory, F., & Kelly, W. (2024). CAMPER (Version 1.0.0) [Computer software]. https://doi.org/10.5281/zenodo.10835273"
homoprotocatechuic acid degradation (oxic),K00455 K00151+K10219 K01826 K05921 K02509 K02510 K00135,"McGivern, B., Reed, W., Rory, F., & Kelly, W. (2024). CAMPER (Version 1.0.0) [Computer software]. https://doi.org/10.5281/zenodo.10835273"
hydrolyzable tannin depolymerization (oxic or anoxic),K10759,"McGivern, B., Reed, W., Rory, F., & Kelly, W. (2024). CAMPER (Version 1.0.0) [Computer software]. https://doi.org/10.5281/zenodo.10835273"
isoeugenol conversion to vanillin (oxic),"D00027,K23363","McGivern, B., Reed, W., Rory, F., & Kelly, W. (2024). CAMPER (Version 1.0.0) [Computer software]. https://doi.org/10.5281/zenodo.10835273"
isoflavonoid conversion (anoxic),"D00002,K26069 D00022,K26175+D00005,K26070 D00004,K26071","McGivern, B., Reed, W., Rory, F., & Kelly, W. (2024). CAMPER (Version 1.0.0) [Computer software]. https://doi.org/10.5281/zenodo.10835273"
isoflavonoid degradation (oxic),D00039,"McGivern, B., Reed, W., Rory, F., & Kelly, W. (2024). CAMPER (Version 1.0.0) [Computer software]. https://doi.org/10.5281/zenodo.10835273"
lignocellulose depolymerization (oxic or anoxic),K09252,"McGivern, B., Reed, W., Rory, F., & Kelly, W. (2024). CAMPER (Version 1.0.0) [Computer software]. https://doi.org/10.5281/zenodo.10835273"
m-cresol conversion to 3-methylcatechol (oxic),K03380,"McGivern, B., Reed, W., Rory, F., & Kelly, W. (2024). CAMPER (Version 1.0.0) [Computer software]. https://doi.org/10.5281/zenodo.10835273"
m-methylbenzoic acid degradation to 3-methylcatechol (oxic),K05549+K05550+K05784 K05783,"McGivern, B., Reed, W., Rory, F., & Kelly, W. (2024). CAMPER (Version 1.0.0) [Computer software]. https://doi.org/10.5281/zenodo.10835273"
m-xylene conversion to m-toluate (oxic),"K15757+K15758 K00055,AA3_2 K00141","McGivern, B., Reed, W., Rory, F., & Kelly, W. (2024). CAMPER (Version 1.0.0) [Computer software]. https://doi.org/10.5281/zenodo.10835273"
mandelic acid conversion to benzoate (oxic),K01781 K15054 K01576 K00141,"McGivern, B., Reed, W., Rory, F., & Kelly, W. (2024). CAMPER (Version 1.0.0) [Computer software]. https://doi.org/10.5281/zenodo.10835273"
mandelic acid conversion to benzoate (oxic),K01781 K15054 K01576 K00141,"McGivern, B., Reed, W., Rory, F., & Kelly, W. (2024). CAMPER (Version 1.0.0) [Computer software]. https://doi.org/10.5281/zenodo.10835273"
napthalene conversion to salicylaldehyde (oxic),K14579+K14580+K14578+K14581 K14582 K14583 K14584 K14585,"McGivern, B., Reed, W., Rory, F., & Kelly, W. (2024). CAMPER (Version 1.0.0) [Computer software]. https://doi.org/10.5281/zenodo.10835273"
naringenin degradation (oxic),"D00035,K26180+K26179 D00036,K26181+K26182 K26183 K26184 K26185","McGivern, B., Reed, W., Rory, F., & Kelly, W. (2024). CAMPER (Version 1.0.0) [Computer software]. https://doi.org/10.5281/zenodo.10835273"
"o-cresol conversion to 2,3-dihydroxytoluene (oxic)",K16249+K16243+K16244+K16242+K16245+K16246,"McGivern, B., Reed, W., Rory, F., & Kelly, W. (2024). CAMPER (Version 1.0.0) [Computer software]. https://doi.org/10.5281/zenodo.10835273"
o-toluate degradation to 3-methylcatechol (oxic),K05549+K05550+K05784 K05783,"McGivern, B., Reed, W., Rory, F., & Kelly, W. (2024). CAMPER (Version 1.0.0) [Computer software]. https://doi.org/10.5281/zenodo.10835273"
o-xylene conversion to o-toluate (oxic),"K15757+K15758 K00055,AA3_2 K00141","McGivern, B., Reed, W., Rory, F., & Kelly, W. (2024). CAMPER (Version 1.0.0) [Computer software]. https://doi.org/10.5281/zenodo.10835273"
p-hydroxyphenyl conversion to homogentisate (oxic),K00457,"McGivern, B., Reed, W., Rory, F., & Kelly, W. (2024). CAMPER (Version 1.0.0) [Computer software]. https://doi.org/10.5281/zenodo.10835273"
p-xylene conversion to toluate (oxic),"K15757+K15758 K00055,AA3_2 K00141","McGivern, B., Reed, W., Rory, F., & Kelly, W. (2024). CAMPER (Version 1.0.0) [Computer software]. https://doi.org/10.5281/zenodo.10835273"
peroxidase (non-specific),"AA2,K03782","McGivern, B., Reed, W., Rory, F., & Kelly, W. (2024). CAMPER (Version 1.0.0) [Computer software]. https://doi.org/10.5281/zenodo.10835273"
"phenanthrene conversion to naphthalene-1,2-diol (oxic)",K11943+K11944 K18257 K11945 K11946 K11947 K00480,"McGivern, B., Reed, W., Rory, F., & Kelly, W. (2024). CAMPER (Version 1.0.0) [Computer software]. https://doi.org/10.5281/zenodo.10835273"
phenol conversion to 4-hydroxybenzoate (anoxic),"K01612,K16239+K21759+K03186","McGivern, B., Reed, W., Rory, F., & Kelly, W. (2024). CAMPER (Version 1.0.0) [Computer software]. https://doi.org/10.5281/zenodo.10835273"
phenol conversion to catechol (oxic),K03380 K16249+K16243+K16244+K16242+K16245+K16246,"McGivern, B., Reed, W., Rory, F., & Kelly, W. (2024). CAMPER (Version 1.0.0) [Computer software]. https://doi.org/10.5281/zenodo.10835273"
phenylacetate conversion to benzoyl-coa (anoxic),K01912 K18360+K18361+K18362+K18363 K18355+K18356+K18357+K18358+K18359,"McGivern, B., Reed, W., Rory, F., & Kelly, W. (2024). CAMPER (Version 1.0.0) [Computer software]. https://doi.org/10.5281/zenodo.10835273"
phenylacteate degradation (oxic),K01912 K02609+K02610+K02611+K02612+K02613 K15866 K02618 K02618 K02615 K01692 K00074,"McGivern, B., Reed, W., Rory, F., & Kelly, W. (2024). CAMPER (Version 1.0.0) [Computer software]. https://doi.org/10.5281/zenodo.10835273"
phenylpropionate degradation (oxic),K05708+K05709+K05710+K00529 K05711 K05713 K05714 K02554 K01666,"McGivern, B., Reed, W., Rory, F., & Kelly, W. (2024). CAMPER (Version 1.0.0) [Computer software]. https://doi.org/10.5281/zenodo.10835273"
phloroglucinol degradation (anoxic),D00023 D00042 D00043 D00044,"McGivern, B., Reed, W., Rory, F., & Kelly, W. (2024). CAMPER (Version 1.0.0) [Computer software]. https://doi.org/10.5281/zenodo.10835273"
phthalate conversion to protocatechuic acid route 1 (oxic) R1,K18068+K18069 K18067 K04102,"McGivern, B., Reed, W., Rory, F., & Kelly, W. (2024). CAMPER (Version 1.0.0) [Computer software]. https://doi.org/10.5281/zenodo.10835273"
phthalate conversion to protocatechuic acid route 2 (oxic) R2,K18251+K18252+K18253 K18254 K18255 K18256,"McGivern, B., Reed, W., Rory, F., & Kelly, W. (2024). CAMPER (Version 1.0.0) [Computer software]. https://doi.org/10.5281/zenodo.10835273"
pinoresinol conversion (oxic),"D00032,K24452,K24453","McGivern, B., Reed, W., Rory, F., & Kelly, W. (2024). CAMPER (Version 1.0.0) [Computer software]. https://doi.org/10.5281/zenodo.10835273"
pinoresinol conversion route 1 (anoxic) R1,D00010 D00011 D00012 D00013,"McGivern, B., Reed, W., Rory, F., & Kelly, W. (2024). CAMPER (Version 1.0.0) [Computer software]. https://doi.org/10.5281/zenodo.10835273"
pinoresinol conversion route 2 (anoxic) R2,"D00033,K21568","McGivern, B., Reed, W., Rory, F., & Kelly, W. (2024). CAMPER (Version 1.0.0) [Computer software]. https://doi.org/10.5281/zenodo.10835273"
polyphenol oxidase (non-specific),AA1,"McGivern, B., Reed, W., Rory, F., & Kelly, W. (2024). CAMPER (Version 1.0.0) [Computer software]. https://doi.org/10.5281/zenodo.10835273"
protocatechuic acid degradation- meta-cleavage (oxic),"K04100+K04101 K10219 K10221 K16514 K10220,K16515 K10218","McGivern, B., Reed, W., Rory, F., & Kelly, W. (2024). CAMPER (Version 1.0.0) [Computer software]. https://doi.org/10.5281/zenodo.10835273"
protocatechuic acid degradation- ortho-cleavage (oxic),K00448+K00449 K01857 K01607 K01055,"McGivern, B., Reed, W., Rory, F., & Kelly, W. (2024). CAMPER (Version 1.0.0) [Computer software]. https://doi.org/10.5281/zenodo.10835273"
pyrogallol conversion to phloroglucinol (anoxic),D00020+D00021,"McGivern, B., Reed, W., Rory, F., & Kelly, W. (2024). CAMPER (Version 1.0.0) [Computer software]. https://doi.org/10.5281/zenodo.10835273"
quercetin degradation (oxic),"D00040,K07155,K06911","McGivern, B., Reed, W., Rory, F., & Kelly, W. (2024). CAMPER (Version 1.0.0) [Computer software]. https://doi.org/10.5281/zenodo.10835273"
resorcylic acid degradation (oxic),"D00041,K20941 K20942,K20944,K20943 K04098 K00217","McGivern, B., Reed, W., Rory, F., & Kelly, W. (2024). CAMPER (Version 1.0.0) [Computer software]. https://doi.org/10.5281/zenodo.10835273"
resveratrol conversion to hydroxybenzaldehydes (oxic),D00007,"McGivern, B., Reed, W., Rory, F., & Kelly, W. (2024). CAMPER (Version 1.0.0) [Computer software]. https://doi.org/10.5281/zenodo.10835273"
salicylaldehyde conversion to salicylate (oxic),K00152,"McGivern, B., Reed, W., Rory, F., & Kelly, W. (2024). CAMPER (Version 1.0.0) [Computer software]. https://doi.org/10.5281/zenodo.10835273"
salicylic acid conversion to catechol (oxic),K00480,"McGivern, B., Reed, W., Rory, F., & Kelly, W. (2024). CAMPER (Version 1.0.0) [Computer software]. https://doi.org/10.5281/zenodo.10835273"
salicylic acid conversion to gentisic acid route 1 (oxic) R1,K21684,"McGivern, B., Reed, W., Rory, F., & Kelly, W. (2024). CAMPER (Version 1.0.0) [Computer software]. https://doi.org/10.5281/zenodo.10835273"
salicylic acid conversion to gentisic acid route 2 (oxic) R2,K18242,"McGivern, B., Reed, W., Rory, F., & Kelly, W. (2024). CAMPER (Version 1.0.0) [Computer software]. https://doi.org/10.5281/zenodo.10835273"
sesamin conversion (anoxic),"D00008,K22578","McGivern, B., Reed, W., Rory, F., & Kelly, W. (2024). CAMPER (Version 1.0.0) [Computer software]. https://doi.org/10.5281/zenodo.10835273"
syringic acid coversion to 3-o-methylgallate (oxic),K15064,"McGivern, B., Reed, W., Rory, F., & Kelly, W. (2024). CAMPER (Version 1.0.0) [Computer software]. https://doi.org/10.5281/zenodo.10835273"
terephthalate conversion to protocatechuate (oxic),K18074+K18075+K18077 K18076,"McGivern, B., Reed, W., Rory, F., & Kelly, W. (2024). CAMPER (Version 1.0.0) [Computer software]. https://doi.org/10.5281/zenodo.10835273"
toluate degradation to 4-methylcatechol (oxic),K05549+K05550+K05784 K05783,"McGivern, B., Reed, W., Rory, F., & Kelly, W. (2024). CAMPER (Version 1.0.0) [Computer software]. https://doi.org/10.5281/zenodo.10835273"
toluene conversion to benzoate (oxic),"K15760+K15761+K15762+K15763+K15764+K15765 K00055,AA3_2 K00141","McGivern, B., Reed, W., Rory, F., & Kelly, W. (2024). CAMPER (Version 1.0.0) [Computer software]. https://doi.org/10.5281/zenodo.10835273"
toluene conversion to benzoyl-coa (anoxic),K07540 K07543+K07544 K07545 K07546 K07547+K07548 K07549+K07550,"McGivern, B., Reed, W., Rory, F., & Kelly, W. (2024). CAMPER (Version 1.0.0) [Computer software]. https://doi.org/10.5281/zenodo.10835273"
toluene conversion to o-cresol (oxic),K16249+K16243+K16244+K16242+K16245+K16246,"McGivern, B., Reed, W., Rory, F., & Kelly, W. (2024). CAMPER (Version 1.0.0) [Computer software]. https://doi.org/10.5281/zenodo.10835273"
toluene-4-sulfonate conversion to protocatechuic acid (oxic),K15769+K15768 K19629 K19630 ,"McGivern, B., Reed, W., Rory, F., & Kelly, W. (2024). CAMPER (Version 1.0.0) [Computer software]. https://doi.org/10.5281/zenodo.10835273"
trans-cinnamate degradation (oxic),K05712+K05712+K05708+K05709+K05710+K00529 K05711 K05713 K05714 K02554 K01666,"McGivern, B., Reed, W., Rory, F., & Kelly, W. (2024). CAMPER (Version 1.0.0) [Computer software]. https://doi.org/10.5281/zenodo.10835273"
vanillate conversion to protocatechuate route 1 (oxic),K03862+K03863,"McGivern, B., Reed, W., Rory, F., & Kelly, W. (2024). CAMPER (Version 1.0.0) [Computer software]. https://doi.org/10.5281/zenodo.10835273"
vanillate conversion to protocatechuate route 2 (oxic),K15066,"McGivern, B., Reed, W., Rory, F., & Kelly, W. (2024). CAMPER (Version 1.0.0) [Computer software]. https://doi.org/10.5281/zenodo.10835273"
vanillin conversion to vanillate (oxic),K21802,"McGivern, B., Reed, W., Rory, F., & Kelly, W. (2024). CAMPER (Version 1.0.0) [Computer software]. https://doi.org/10.5281/zenodo.10835273"
vanillyl-alcohol conversion to vanillate (oxic),"K20153,AA4","McGivern, B., Reed, W., Rory, F., & Kelly, W. (2024). CAMPER (Version 1.0.0) [Computer software]. https://doi.org/10.5281/zenodo.10835273"
vanillyl-alcohol oxidase (non-specific),AA4,"McGivern, B., Reed, W., Rory, F., & Kelly, W. (2024). CAMPER (Version 1.0.0) [Computer software]. https://doi.org/10.5281/zenodo.10835273"
galacturonic acid degradation,"K01812 K00041 (K01685,K16849+K16850) K00874 (K01625,K17463)","Woodcroft, B.J., Singleton, C.M., Boyd, J.A. et al. Genome-centric view of carbon processing in thawing permafrost. Nature 560, 49–54 (2018). https://doi.org/10.1038/s41586-018-0338-1"
galactose degradation,K01785 K00849 K00965 K01784,"Woodcroft, B.J., Singleton, C.M., Boyd, J.A. et al. Genome-centric view of carbon processing in thawing permafrost. Nature 560, 49–54 (2018). https://doi.org/10.1038/s41586-018-0338-1"
lactose degradation,"(K01190,K01190,(K12111+K12112),K12309)","Woodcroft, B.J., Singleton, C.M., Boyd, J.A. et al. Genome-centric view of carbon processing in thawing permafrost. Nature 560, 49–54 (2018). https://doi.org/10.1038/s41586-018-0338-1"
sucrose degradation,"(K00690,K01203,K01193,K12047,K01187,K12316,K12317,K15922)","Woodcroft, B.J., Singleton, C.M., Boyd, J.A. et al. Genome-centric view of carbon processing in thawing permafrost. Nature 560, 49–54 (2018). https://doi.org/10.1038/s41586-018-0338-1"
fructose degradation,"(K00847,K00844)","Woodcroft, B.J., Singleton, C.M., Boyd, J.A. et al. Genome-centric view of carbon processing in thawing permafrost. Nature 560, 49–54 (2018). https://doi.org/10.1038/s41586-018-0338-1"
mannose degradation,"(K00844,(K02793+K02794+K02795+K02796)) K01809","Woodcroft, B.J., Singleton, C.M., Boyd, J.A. et al. Genome-centric view of carbon processing in thawing permafrost. Nature 560, 49–54 (2018). https://doi.org/10.1038/s41586-018-0338-1"
fucose degradation,K01818 K00879 K01628,"Woodcroft, B.J., Singleton, C.M., Boyd, J.A. et al. Genome-centric view of carbon processing in thawing permafrost. Nature 560, 49–54 (2018). https://doi.org/10.1038/s41586-018-0338-1"
ethanol fermentation,"((K00163,K00627,K00169,K03737,K00174,K00656) K00132),K01568 (K13951,K14028,K00114,K00002,K04022)","Woodcroft, B.J., Singleton, C.M., Boyd, J.A. et al. Genome-centric view of carbon processing in thawing permafrost. Nature 560, 49–54 (2018). https://doi.org/10.1038/s41586-018-0338-1"
acetatogenesis,"(K00163,K00627,K00169,K03737,K00174,K00656) (K13788,K04020) (K01512,K00925)","Woodcroft, B.J., Singleton, C.M., Boyd, J.A. et al. Genome-centric view of carbon processing in thawing permafrost. Nature 560, 49–54 (2018). https://doi.org/10.1038/s41586-018-0338-1"
lactate fermentation,"K00101,K00016,K00102,K03777","Woodcroft, B.J., Singleton, C.M., Boyd, J.A. et al. Genome-centric view of carbon processing in thawing permafrost. Nature 560, 49–54 (2018). https://doi.org/10.1038/s41586-018-0338-1"
propionate fermentation,"K01595 K00024 K01676 (K00239,K00244,K18209,K18556) (K01899,K01902) K01847 K05606 (K11264,K03416)","Woodcroft, B.J., Singleton, C.M., Boyd, J.A. et al. Genome-centric view of carbon processing in thawing permafrost. Nature 560, 49–54 (2018). https://doi.org/10.1038/s41586-018-0338-1"
acetoclastic methanogenesis,"(K00925 (K00625,K13788),K01895) (K00193+K00197+K00194) (K00577+K00578+K00579+K00580+K00581+K00584) (K00399+K00401+K00402) (K03388+K03389+K03390)","Woodcroft, B.J., Singleton, C.M., Boyd, J.A. et al. Genome-centric view of carbon processing in thawing permafrost. Nature 560, 49–54 (2018). https://doi.org/10.1038/s41586-018-0338-1"
hydrogenotrophic methanogenesis,"(K00200+K00201+K00202+K00203+(K00205,K11260,K00204)) K00672 K01499 (K00319,K13942) K00320 (K00577+K00578+K00579+K00580+K00581+K00584) (K00399+K00401+K00402) (K03388+K03389+K03390)","Woodcroft, B.J., Singleton, C.M., Boyd, J.A. et al. Genome-centric view of carbon processing in thawing permafrost. Nature 560, 49–54 (2018). https://doi.org/10.1038/s41586-018-0338-1"
xylose degradation (isomerase pathway),K01805 K00854,"Woodcroft, B.J., Singleton, C.M., Boyd, J.A. et al. Genome-centric view of carbon processing in thawing permafrost. Nature 560, 49–54 (2018). https://doi.org/10.1038/s41586-018-0338-1"
xylose degradation (oxidoreductase pathway),"(K17743,K00011) (K05351,K00008) K00854","Woodcroft, B.J., Singleton, C.M., Boyd, J.A. et al. Genome-centric view of carbon processing in thawing permafrost. Nature 560, 49–54 (2018). https://doi.org/10.1038/s41586-018-0338-1"
xylose degradation (xylonate hydratase pathway),K14275,"Woodcroft, B.J., Singleton, C.M., Boyd, J.A. et al. Genome-centric view of carbon processing in thawing permafrost. Nature 560, 49–54 (2018). https://doi.org/10.1038/s41586-018-0338-1"
xylose degradation (weimburg/dahms),"(K00078,K14273) K14274 K14275","Woodcroft, B.J., Singleton, C.M., Boyd, J.A. et al. Genome-centric view of carbon processing in thawing permafrost. Nature 560, 49–54 (2018). https://doi.org/10.1038/s41586-018-0338-1"
