feature,Annotation_Confidence_MSI4,Area_CV_percent_CD
RP_0.927_273.94936,,65.1186601411376
RP_0.929_239.96641,L4,101.53830211789
RP_0.933_143.00147,L3,60.1373770645034
RP_0.933_229.8929,,111.132577438589
RP_0.934_228.89442,,107.252948117936
RP_0.934_231.89327,,58.5585298140191
RP_1.018_147.11272,L1,146.150451352802
RP_1.042_436.85862,,74.9701896104446
RP_1.043_650.84972,,131.20679078995
RP_1.043_718.83707,,141.475139677513
RP_1.043_916.78115,L3,88.7386963781941
RP_1.044_232.89642,,85.5571168937685
RP_1.044_297.87825,,63.6699512288668
RP_1.04_304.94102,,79.3447762260914
RP_1.061_180.08655,L4,81.8676115545846
RP_1.067_182.1022,L3,245.640074633565
RP_1.077_161.98476,,129.766861605127
RP_1.092_356.15498,L4,1056.85579333118
RP_1.125_383.16589,,115.311968722242
RP_1.132_623.84171,,93.2759586278427
RP_1.133_881.71923,,122.249483397594
RP_1.134_485.89754,L4,86.7594903073695
RP_1.134_487.89406,,86.5125374147435
RP_1.137_683.80839,,103.651503061725
RP_1.141_545.86436,L4,89.8481025762208
RP_1.141_743.77511,,112.118169536289
RP_1.149_605.83114,,90.8446961212658
RP_1.14_106.04974,L1,114.231327021389
RP_1.154_269.91818,,86.4277309701868
RP_1.154_552.7844,,82.9982958695185
RP_1.154_90.06613,L3,141.040528733193
RP_1.155_469.88348,,84.7451718449965
RP_1.156_219.13376,L4,255.010578440312
RP_1.156_467.88687,L4,85.7727857182437
RP_1.157_470.88285,,83.2706795389879
RP_1.159_665.79786,,89.7176732653535
RP_1.15_803.74184,,97.9103037064462
RP_1.169_134.04463,L1,134.487659111371
RP_1.173_527.85374,,87.6761093549894
RP_1.179_90.05489,L1,125.434462308702
RP_1.184_147.07629,L1,162.553223314465
RP_1.184_84.04432,L4,111.061511723938
RP_1.185_249.00137,L4,158.674938807351
RP_1.191_122.06328,L4,262.9341244878
RP_1.192_229.92736,,145.244980338096
RP_1.194_98.98406,L3,252.226048090256
RP_1.203_277.13921,L4,178.446529015045
RP_1.211_102.05484,L1,281.985123928672
RP_1.212_388.10842,L4,120.183429151866
RP_1.212_86.05998,L4,97.2214130239866
RP_1.213_86.05998,L3,97.2204885563228
RP_1.213_87.04399,L1,110.452715120017
RP_1.219_214.09191,L4,250.193567851865
RP_1.219_248.08748,L4,460.777392362876
RP_1.228_349.03264,,157.21129694736
RP_1.229_346.99808,,171.175827587751
RP_1.231_382.04292,,119.599259792562
RP_1.23_418.01954,L4,121.592209629064
RP_1.249_587.82061,,75.9030852627379
RP_1.253_212.07631,L3,149.830778378255
RP_1.276_166.05311,L2,175.285987886963
RP_1.277_166.0531,L2,175.286525023602
RP_1.277_262.10316,L3,194.706734705644
RP_1.281_179.05489,L1,207.891940547412
RP_1.28_197.06541,L4,216.080328803924
RP_1.297_112.0504,L1,146.65545491275
RP_1.297_235.09226,L3,189.35622352936
RP_1.299_440.10662,,150.636628517511
RP_1.301_247.05751,L3,125.28240680522
RP_1.301_647.78735,,83.7260515829395
RP_1.305_253.08506,,222.419018104399
RP_1.321_150.07597,,85.6338057569468
RP_1.321_349.90173,,102.014954726158
RP_1.323_173.04194,L4,88.2570516563947
RP_1.32_168.08653,L1,91.2882977701786
RP_1.32_252.9851,,88.9268450366603
RP_1.341_276.11885,L3,165.677878646808
RP_1.342_263.08721,L3,172.859145879578
RP_1.343_534.16638,L4,116.982151298524
RP_1.355_104.07047,L1,764.15272077297
RP_1.35_360.11347,,403.207986962396
RP_1.362_179.05488,L4,198.937563296574
RP_1.369_262.10317,L3,232.112024844468
RP_1.36_245.07662,,175.962153398314
RP_1.377_376.14465,,153.034308981653
RP_1.379_97.02828,L4,88.2408095886767
RP_1.384_85.02832,L4,98.2059185234796
RP_1.385_325.11268,L3,115.693884541905
RP_1.385_445.04831,,96.7974935661845
RP_1.385_702.26587,L3,166.578912583667
RP_1.386_360.14977,L1,119.647093842772
RP_1.386_438.04566,,93.0681927989004
RP_1.394_290.01936,L4,170.359205193132
RP_1.421_132.10177,L4,181.560580195927
RP_1.422_236.14906,L4,194.876669920371
RP_1.422_246.06062,L3,214.905599485969
RP_1.424_249.10793,,131.373375727824
RP_1.435_417.16009,L4,128.215123699974
RP_1.445_161.09194,L4,155.426726283434
RP_1.457_110.05991,,212.486009691237
RP_1.457_161.09194,L3,151.416971942269
RP_1.461_110.0599,L2,213.580840409835
RP_1.461_175.05996,L3,173.886595717987
RP_1.463_263.08719,,182.129432879206
RP_1.464_97.03956,L4,91.8241551556752
RP_1.465_161.9609,,33.2906205427832
RP_1.467_137.08071,L4,103.167875098039
RP_1.468_163.05989,L4,99.1093657046722
RP_1.468_286.09191,L3,246.453666818942
RP_1.473_295.10208,,185.357335972356
RP_1.473_330.13925,L4,169.054120265634
RP_1.473_97.02829,L3,126.631930070149
RP_1.475_522.20255,L1,154.888478066351
RP_1.47_167.09125,L3,115.815979538007
RP_1.481_168.0654,L4,206.744704728317
RP_1.482_142.08612,L4,67.7542840767895
RP_1.483_351.2236,L4,152.513156817655
RP_1.484_277.10281,L3,160.601728005721
RP_1.485_236.14902,L4,77.4075563270064
RP_1.486_238.15612,,80.9376153979837
RP_1.48_116.08168,L3,111.901948016828
RP_1.48_191.10246,L4,175.668429926262
RP_1.761_236.95383,,198.625564316769
RP_1.845_261.14907,,99.5715436013477
RP_1.845_262.14548,,100.451279161504
RP_1.847_236.14906,L4,101.116067164631
RP_1.903_211.08108,L4,217.387488957576
RP_1.925_244.09262,L1,152.504166925168
RP_10.004_194.0447,L4,132.327315420213
RP_10.005_372.21272,L3,178.168692695838
RP_10.008_265.1545,L2,132.786707884024
RP_10.021_230.08104,L3,161.404058967136
RP_10.028_190.04976,L1,274.964016396452
RP_10.051_125.09596,L4,59.8248158008957
RP_10.051_183.09908,L3,81.8693884341689
RP_10.05_143.10656,,70.570350835548
RP_10.079_302.20728,L4,138.314925488684
RP_10.082_346.23352,L4,110.135527269885
RP_10.095_316.22295,L3,82.111642176147
RP_10.112_156.10181,L4,109.384550204301
RP_10.155_263.08138,L3,106.374591883317
RP_10.155_360.21277,L4,125.448184143959
RP_10.178_158.11746,L2,83.8626478968409
RP_10.196_184.09673,L4,97.0940597874164
RP_10.203_304.16539,L4,183.639329540043
RP_10.214_245.1858,L4,151.915744301658
RP_10.223_408.21276,L4,132.520400257125
RP_10.233_344.17023,L1,286.716755210927
RP_10.234_314.20727,,188.443408699266
RP_10.237_194.08106,L4,133.770103773923
RP_10.238_334.17603,,123.60189438589
RP_10.242_213.11202,L4,79.3909238813439
RP_10.261_332.21784,L3,118.486069882945
RP_10.273_198.13479,L3,124.906467579838
RP_10.291_291.08624,L1,102.678636496774
RP_10.295_245.18578,L3,133.462937528769
RP_10.297_233.04435,,110.110790268727
RP_10.306_392.21783,,136.247162614356
RP_10.308_374.22835,L4,204.947258261339
RP_10.313_288.1916,L4,121.593088785317
RP_10.339_328.22295,L3,141.787460834026
RP_10.372_160.13312,L2,83.83165258716
RP_10.373_189.06575,L4,95.3321217061503
RP_10.397_364.18658,,129.035440683734
RP_10.407_329.14946,L4,121.380160073794
RP_10.437_212.11807,L2,67.7435263680391
RP_10.448_87.044,L4,148.769908027531
RP_10.449_155.07015,L4,77.2980895360504
RP_10.464_197.0807,,75.2349740232265
RP_10.466_237.09274,,95.0138522787012
RP_10.472_316.22293,L3,199.943277504079
RP_10.47_289.10694,L4,122.165725085229
RP_10.532_179.03376,L4,55.5750968928885
RP_10.533_516.18636,L3,227.189156387224
RP_10.535_165.01814,L3,63.7804437072365
RP_10.547_274.176,L4,159.46216724056
RP_10.57_481.11283,L3,223.494477417404
RP_10.582_181.04944,L4,49.8127838800054
RP_10.585_332.1703,L4,98.7837708313845
RP_10.587_328.22297,L4,107.518838900188
RP_10.609_252.08647,L4,452.770251049414
RP_10.621_229.10044,,359.600564949151
RP_10.623_129.09088,L4,57.8632483771663
RP_10.625_217.03823,L3,225.484908073595
RP_10.62_115.07524,L1,138.758712838873
RP_10.648_346.19711,L4,130.605223928014
RP_10.651_177.05451,L4,72.5617878529123
RP_10.674_245.18581,L3,131.955391324449
RP_10.706_291.08619,L4,162.4301156122
RP_10.728_330.23862,L4,141.864487583655
RP_10.75_316.22294,L3,200.544922224638
RP_10.774_218.08106,L3,105.05996368042
RP_10.824_179.03376,L4,93.2833923474805
RP_10.852_213.09091,L4,202.043123826701
RP_10.874_366.20222,L4,123.674064131248
RP_10.87_261.07563,,109.344715305112
RP_10.882_198.05216,L2,98.7664419665648
RP_10.921_218.08106,L3,113.863744969382
RP_10.962_241.06062,L3,146.923480514386
RP_10.97_318.18111,L3,189.822347185375
RP_11.004_322.17608,L4,107.756705502168
RP_11.005_538.15541,L4,233.094378290653
RP_11.007_165.05451,L4,47.8815797210138
RP_11.035_314.20731,L4,163.646723120966
RP_11.051_195.06507,,76.861230799563
RP_11.072_352.18659,L4,122.981957278733
RP_11.091_330.23864,L4,132.379474525236
RP_11.096_279.17018,L2,140.145697313439
RP_11.101_243.13378,L3,91.5895834720735
RP_11.124_472.16009,,133.48158806715
RP_11.137_346.23347,L3,111.873819508978
RP_11.26_346.23349,L4,118.600193166865
RP_11.274_344.2179,L4,180.866029339922
RP_11.332_340.22303,L4,207.379468432032
RP_11.33_330.23862,L3,129.21432508618
RP_11.344_318.18112,L3,188.138426999216
RP_11.354_255.12264,L4,73.1309478097736
RP_11.394_316.22294,L4,122.467087387275
RP_11.422_279.17017,L4,130.856835907748
RP_11.423_227.02204,L4,76.9437672513476
RP_11.427_455.14852,L2,718.55041272031
RP_11.435_241.03766,,83.6315981678608
RP_11.443_394.23346,,116.489079374367
RP_11.459_302.20729,L4,110.994354762155
RP_11.461_204.06538,L4,115.553103979879
RP_11.475_145.13344,L3,92.2120516415662
RP_11.503_342.2386,L3,129.758944465415
RP_11.524_210.08854,,144.910791910592
RP_11.542_227.08137,,194.804972414503
RP_11.544_227.08138,L4,195.470945448486
RP_11.568_279.17017,L2,134.853429815656
RP_11.602_176.0705,L2,157.850784361142
RP_11.609_273.07563,L2,151.645955698788
RP_11.622_267.15896,L2,96.7524343898558
RP_11.651_185.07084,L3,166.082817946624
RP_11.657_351.13379,L2,187.850913357845
RP_11.733_165.05452,L4,89.6247642720873
RP_11.785_364.22296,,142.185715757154
RP_11.798_230.05589,,135.937175762898
RP_11.805_233.04431,,136.452966437145
RP_11.823_313.1545,L4,139.129091144559
RP_11.844_151.07526,,63.3618828516534
RP_11.846_366.17698,,232.882024694045
RP_11.852_177.0545,,41.5182343636182
RP_11.882_233.04433,,117.427394578552
RP_11.893_344.25425,L3,127.64144035925
RP_11.923_213.06574,L3,129.150492400969
RP_11.939_332.21786,L3,110.730350822569
RP_11.993_344.25424,L3,152.808559615762
RP_11.995_285.08684,L4,202.583165314713
RP_12.006_374.22836,L4,110.017318909012
RP_12.007_227.08135,L3,156.667394672345
RP_12.019_233.08069,L4,94.2712689349455
RP_12.048_174.14875,L3,121.35263891461
RP_12.073_250.10722,L4,151.330951006926
RP_12.07_316.22292,L3,167.868295102482
RP_12.086_529.22921,L3,198.574407519786
RP_12.086_549.32826,L4,118.386166335664
RP_12.091_146.05997,L1,528.915043078138
RP_12.091_194.05724,L4,107.353114337349
RP_12.092_256.14433,,138.646295958869
RP_12.101_366.20219,L4,114.515367744031
RP_12.117_233.08071,L4,88.2056316914168
RP_12.124_309.12325,L4,201.987057393651
RP_12.137_344.25425,L4,68.9415679079845
RP_12.191_333.09685,L3,84.2760126959273
RP_12.197_557.36563,,132.285273020987
RP_12.213_342.23859,L3,135.513104169455
RP_12.228_380.21786,L3,135.84095818616
RP_12.233_205.08578,,64.877443070357
RP_12.26_235.05997,L4,105.692012800301
RP_12.284_189.0545,,69.0921920918893
RP_12.28_217.04942,L2,118.225594284886
RP_12.317_350.20732,L3,161.374402246597
RP_12.332_264.10177,L3,200.263389028019
RP_12.418_378.2386,L4,121.381151731833
RP_12.448_376.22294,L4,152.991597045916
RP_12.479_213.0657,L3,135.465675205971
RP_12.533_454.19715,L4,160.414212614507
RP_12.539_344.25425,L3,129.20752391623
RP_12.53_319.0447,L4,358.876320469893
RP_12.582_378.23856,L3,117.723161244794
RP_12.678_358.2699,L3,115.933903135251
RP_12.691_161.11712,L3,63.503073976295
RP_12.704_467.11244,,212.060804160841
RP_12.706_176.0705,L4,226.352344701702
RP_12.717_257.08074,L4,105.226049913795
RP_12.736_281.12832,L3,239.024612805679
RP_12.761_267.15897,L2,63.1093272437236
RP_12.769_307.10764,,89.8764183300868
RP_12.774_191.0913,L3,172.765788951932
RP_12.774_259.11748,L4,143.635760106259
RP_12.774_294.1546,L4,161.215180585368
RP_12.77_259.11749,L3,144.183473444383
RP_12.789_347.11243,L4,103.883379226146
RP_12.806_206.08102,L3,86.5422620113891
RP_12.822_367.0811,L3,169.956401237375
RP_12.828_191.08141,L2,108.683488574526
RP_12.834_284.09159,L4,154.285117443589
RP_12.834_358.26991,L3,87.2869441338464
RP_12.843_378.2386,L4,109.282449955495
RP_12.851_129.09089,L2,112.632285926031
RP_12.851_147.10149,,232.78942870612
RP_12.857_199.08646,L2,162.442379634619
RP_12.857_905.25922,L3,155.304812219688
RP_12.906_316.22296,L3,204.576032808927
RP_12.927_330.23863,L4,212.060129076422
RP_12.944_203.07015,L4,169.980576356332
RP_12.961_358.26991,L3,122.073022370589
RP_12.968_476.21246,L4,231.136063962735
RP_13.036_228.10177,L4,173.228403821287
RP_13.041_695.19108,L3,164.854666834089
RP_13.046_407.1335,L3,101.016012140676
RP_13.047_200.07048,L2,145.774444669929
RP_13.047_337.15459,,192.626067057296
RP_13.055_228.1593,L3,51.1906478476123
RP_13.077_333.09681,,124.851357380129
RP_13.079_347.0913,,145.674424878903
RP_13.09_907.2745,L4,619.26325768966
RP_13.121_377.123,,75.710245487926
RP_13.123_356.25427,,168.534074671169
RP_13.134_257.08073,,109.986216882619
RP_13.141_484.1391,,127.175942772774
RP_13.146_361.12811,L4,95.8583677732608
RP_13.148_364.22299,L4,202.745722008207
RP_13.173_231.10142,L4,469.149213107877
RP_13.177_659.19113,L4,149.039095241419
RP_13.191_331.11756,L4,78.3924040330624
RP_13.197_202.14364,L4,52.6843285562973
RP_13.19_311.12763,L4,210.191359694206
RP_13.204_161.05961,L2,202.599636077253
RP_13.25_325.10695,,115.826398740865
RP_13.262_247.05997,L4,82.2590130812501
RP_13.294_301.10695,,98.0930638665158
RP_13.331_411.14367,L2,64.2680470797223
RP_13.331_619.19961,L3,219.756536025132
RP_13.337_300.12288,,163.359200553051
RP_13.344_216.10178,L4,158.600708417562
RP_13.374_181.04944,L4,76.5238081717835
RP_13.375_373.12805,L4,87.4016865957335
RP_13.386_205.0858,L2,52.764935397241
RP_13.415_457.09164,,143.668040047099
RP_13.42_467.11236,,174.250510667805
RP_13.463_189.0909,L4,58.1702797329521
RP_13.464_233.08073,L4,127.212829775895
RP_13.468_203.07014,L4,89.2494312976204
RP_13.479_183.07798,L2,70.1422585675827
RP_13.506_198.14873,L4,57.5303256247539
RP_13.511_179.07017,,172.254342297206
RP_13.513_301.10691,,171.456054318613
RP_13.536_315.08617,L4,145.215391106165
RP_13.56_359.22151,,139.886976039504
RP_13.656_151.11165,L4,30.842069729393
RP_13.663_202.14364,L4,111.686726170612
RP_13.667_331.09235,L4,106.524632793538
RP_13.698_315.04983,,89.0098824156152
RP_13.699_177.0909,L4,51.3639561937446
RP_13.771_222.14873,L4,60.5206831351373
RP_13.771_240.15927,L4,72.3708984852992
RP_13.801_198.14873,L3,225.828252015286
RP_13.804_181.12219,L3,70.847147937331
RP_13.833_165.09091,L4,57.8751225665174
RP_13.886_267.10144,L4,111.778254067475
RP_13.902_205.0494,L3,133.259453152029
RP_13.903_452.12534,L4,163.517001198812
RP_13.905_241.14328,,78.8306402184578
RP_13.918_304.12911,L4,148.409760957996
RP_13.942_681.21177,L3,441.5273524981
RP_13.943_189.0909,L2,73.7366571687051
RP_13.945_243.08748,L1,177.153319100727
RP_13.972_307.14398,L4,192.005967755556
RP_14.002_245.1382,L2,57.8385254912968
RP_14.013_341.13825,L4,206.665344189101
RP_14.03_419.1124,,143.482235432199
RP_14.057_297.14833,L4,987.14210461844
RP_14.077_192.10517,L3,90.0667364480001
RP_14.07_241.08579,L4,101.076693018728
RP_14.139_363.0862,,124.518222446363
RP_14.175_389.10185,,156.323501192079
RP_14.179_271.09636,L4,63.5715042996964
RP_14.183_331.11756,L4,208.795950556002
RP_14.202_453.13312,,297.173628985943
RP_14.232_343.07123,,157.189937582843
RP_14.238_242.09358,,123.017875684156
RP_14.251_349.10696,L3,152.649568467807
RP_14.255_299.09127,,129.077579863178
RP_14.275_242.17494,L4,45.0345102944632
RP_14.423_185.11712,,79.4239869979184
RP_14.436_322.02596,L4,92.3238544690903
RP_14.471_919.2385,,245.666581011433
RP_14.492_271.09637,L4,96.0776112861695
RP_14.495_259.11882,,214.747342029725
RP_14.502_175.07525,,36.8099706366374
RP_14.529_191.10655,L4,44.4931960082264
RP_14.552_347.24273,L4,181.523366107928
RP_14.599_297.14836,L2,622.805519338704
RP_14.607_333.08691,,135.0907629643
RP_14.634_161.11713,L4,252.623449076916
RP_14.634_263.04229,,212.496962381531
RP_14.635_125.09597,L4,129.747638245652
RP_14.635_173.16474,L3,117.724884884391
RP_14.635_245.06952,L4,222.751564441534
RP_14.636_143.10656,,184.365738768909
RP_14.636_286.15494,L3,146.125021587518
RP_14.642_157.12221,L4,80.3128764785497
RP_14.672_203.09126,L4,105.197205516957
RP_14.674_451.11745,,166.730163663222
RP_14.727_347.24271,,154.369530276668
RP_14.728_416.17024,L4,139.051864104019
RP_14.752_191.14294,L4,62.5730250942388
RP_14.785_287.12766,L4,110.877493846244
RP_14.804_677.1806,,158.334779406542
RP_14.814_263.08143,,102.130048318636
RP_14.86_278.13857,L4,116.020159659556
RP_14.889_247.10756,L3,107.530830747343
RP_14.896_369.15185,L3,43.8913932056465
RP_14.916_367.08117,L4,176.108463516581
RP_14.91_175.07525,L2,50.3560938277323
RP_14.978_375.25283,L4,126.151621600617
RP_14.983_241.08577,L3,110.300944664725
RP_14.986_440.24888,L3,328.517010775528
RP_15.003_281.11708,,138.556594163588
RP_15.052_241.08581,L4,114.657002623974
RP_15.132_275.10251,L4,122.581556900246
RP_15.13_343.10763,L3,170.669757851829
RP_15.228_299.09127,L3,108.809840352203
RP_15.254_171.13785,L4,108.682253616635
RP_15.279_247.09637,L4,87.6724384440783
RP_15.288_325.14336,L3,79.6348087187542
RP_15.323_231.11269,L4,135.311018570776
RP_15.327_345.09681,L4,129.982743992886
RP_15.344_548.35553,,220.203522249695
RP_15.396_287.10247,L4,88.9163116621335
RP_15.452_553.40707,L4,204.050006792724
RP_15.481_229.14332,L4,34.3189780246468
RP_15.507_214.08613,L3,109.488770999053
RP_15.508_241.08579,L3,117.350488581188
RP_15.516_279.15901,L3,82.4190020073227
RP_15.622_241.0858,L4,519.938491987517
RP_15.642_186.09124,L2,145.849525946292
RP_15.693_261.11204,L4,89.0060215033279
RP_15.69_287.05489,L4,744.181906681177
RP_15.713_331.22664,L3,122.842348093991
RP_15.745_223.16912,L3,50.6314336134284
RP_15.806_319.17505,L4,411.36541574249
RP_15.816_443.27886,,367.616926700661
RP_15.831_243.10145,L4,88.834956717292
RP_15.86_419.27901,,143.567964516314
RP_15.876_216.19568,L2,46.652048331834
RP_15.916_255.07629,L4,132.507106622527
RP_15.916_341.13823,L3,130.591805307498
RP_15.925_247.15383,L4,369.860594465022
RP_15.935_295.13276,L4,102.856865705342
RP_15.952_281.17462,,61.6791054086789
RP_15.987_475.34155,,197.557650444894
RP_15.998_173.10722,L3,158.767390718818
RP_16.059_281.1746,,137.475342333229
RP_16.141_447.3103,,145.866828567022
RP_16.161_309.13311,L2,518.363262727901
RP_16.181_81.06981,L4,254.646943807045
RP_16.259_241.12216,L4,77.2791394544322
RP_16.297_270.20624,L3,53.8157486046098
RP_16.342_503.33662,,103.110690372533
RP_16.348_457.33102,,141.479349686876
RP_16.362_318.11234,L4,236.150787297111
RP_16.389_163.07525,L2,36.1166475570854
RP_16.396_331.09971,L2,375.693969752766
RP_16.457_235.09635,,78.25675406038
RP_16.463_275.20043,,169.742430607201
RP_16.509_443.27898,L4,100.821349386098
RP_16.532_331.24778,L4,190.068641329305
RP_16.561_361.27357,L4,156.803308085764
RP_16.594_487.34162,L3,131.465410229672
RP_16.651_638.30182,,64.5326007261825
RP_16.652_638.30175,L4,64.1137083884093
RP_16.656_469.33102,L4,106.061412448332
RP_16.721_331.22664,L3,84.7669365892834
RP_16.742_345.16946,L2,230.792486542439
RP_16.766_347.24269,,147.231708623406
RP_16.814_230.21131,L3,155.374262700781
RP_16.818_638.30192,L4,216.759663495536
RP_16.868_241.12214,L4,130.33716726451
RP_16.875_211.16913,L4,35.0048334905547
RP_16.892_237.14844,,98.4712076909587
RP_16.8_461.32596,L4,171.136090687063
RP_16.916_262.14362,L3,141.613143294338
RP_16.924_261.16952,L4,389.88339091412
RP_16.969_594.27553,L4,274.167291868813
RP_16.97_255.10139,L4,176.464920702591
RP_16.989_261.22114,L3,137.358726802499
RP_16.989_315.25282,L2,144.192680676098
RP_16.989_333.26341,L4,145.433264154076
RP_16_199.18035,L3,136.517159499857
RP_17.03_359.25796,L4,127.946957355287
RP_17.059_227.16405,L4,44.1711442154622
RP_17.069_242.2113,L3,46.3740778003067
RP_17.06_361.27358,,149.733882091332
RP_17.084_239.1065,L2,50.6641444329918
RP_17.086_297.14839,L3,298.157244212515
RP_17.106_271.13276,L4,105.50158612268
RP_17.117_505.35229,L4,140.289189823999
RP_17.118_451.32045,L3,102.783685354572
RP_17.118_469.331,L4,103.423806404484
RP_17.118_527.3342,,122.204425025054
RP_17.152_269.17461,L4,92.0715172264936
RP_17.165_519.33149,L3,99.751682887108
RP_17.173_215.10651,L3,122.485417606681
RP_17.1_332.203,,85.7044356205096
RP_17.254_375.25277,L4,123.985159748426
RP_17.254_461.28952,L3,109.210927339952
RP_17.301_255.1378,,79.7614515134989
RP_17.308_251.1065,L4,135.439723788578
RP_17.339_724.33861,,232.788497135643
RP_17.354_310.23751,L3,144.362682897326
RP_17.361_309.14838,L3,96.0460156313001
RP_17.369_271.22662,L3,113.852010461136
RP_17.374_295.22663,L2,39.3621134678142
RP_17.422_299.16401,L4,85.3103850642252
RP_17.458_680.31225,L4,308.078604719223
RP_17.463_505.35232,L4,135.440142468209
RP_17.46_451.32045,L3,112.895999631403
RP_17.46_469.33099,L4,100.229347926474
RP_17.47_237.18474,,61.1169542104462
RP_17.501_520.36308,L4,132.75733350035
RP_17.516_242.21129,,45.8876501735884
RP_17.571_295.19022,L4,77.7329311801775
RP_17.571_309.20587,L4,79.413259748698
RP_17.571_459.3467,,129.702219776041
RP_17.571_810.37531,L4,88.7941271388598
RP_17.597_451.32045,L3,99.845776553631
RP_17.619_225.09086,L3,139.205842034852
RP_17.622_359.25788,,108.834485323957
RP_17.643_255.1378,,129.883585561755
RP_17.654_475.29123,,220.50375929806
RP_17.671_459.34671,L2,136.100112282292
RP_17.704_310.23752,L3,114.102329487846
RP_17.711_263.20389,L4,197.907912437232
RP_17.738_451.32043,,111.317866404148
RP_17.756_359.2579,,110.979202339769
RP_17.765_429.1906,L4,23.3909707752339
RP_17.766_297.13316,L3,39.0176410511281
RP_17.797_503.33653,,129.214322723364
RP_17.831_293.21096,L2,120.19582722155
RP_17.858_359.25789,L4,86.94513078882
RP_17.863_490.37355,,131.741972312588
RP_17.863_766.34895,,247.962010593106
RP_17.864_520.363,,100.450635067823
RP_17.86_331.24776,L3,164.780280684782
RP_17.878_519.3315,L3,123.364487599955
RP_17.891_293.21095,L4,98.4442864044989
RP_17.894_310.23751,L3,141.021646038614
RP_17.906_403.28407,L3,123.433423961042
RP_17.916_896.41208,,100.388533917102
RP_17.937_221.15347,L4,145.016504874382
RP_17.938_487.34163,L4,67.7191912976713
RP_17.991_149.09597,L2,42.06330113664
RP_17.991_295.11743,L4,47.0978106345136
RP_17.991_846.44187,,99.8386944484428
RP_17.992_483.24877,L4,217.05454779807
RP_17.99_119.08422,L4,47.7286951054479
RP_17.99_135.07881,,57.5662023920665
RP_17.99_281.13814,L3,43.5410439747832
RP_17.99_415.21121,L2,43.93295420828
RP_17.99_441.20745,,52.8548722976671
RP_17.99_446.25344,,46.9537165662347
RP_17.99_458.23411,L4,53.9733932945492
RP_17.99_459.21793,,49.3018657144281
RP_17.99_490.2601,,56.8468759715171
RP_18.039_292.22692,L4,87.9203753399135
RP_18.039_310.23749,L3,96.4696128042377
RP_18.043_292.22693,,87.7553643662696
RP_18.057_333.26341,L3,184.007654875755
RP_18.058_251.16408,L2,56.9000651559586
RP_18.067_349.23717,L3,123.57629271011
RP_18.073_457.33103,L3,101.180699190413
RP_18.07_503.3366,L3,102.629441329453
RP_18.082_453.33606,L3,86.56986971907
RP_18.094_491.37295,,138.323076191959
RP_18.097_253.17965,L2,39.9269617241047
RP_18.098_289.17967,L2,201.838118542709
RP_18.106_489.35732,L4,124.262338142523
RP_18.107_487.34169,L4,85.1121104584353
RP_18.139_536.30655,L4,200.764556002732
RP_18.148_328.24808,L3,267.44521814552
RP_18.182_427.28401,L4,206.696692277499
RP_18.191_503.33653,,106.942531507962
RP_18.197_852.38562,,264.872422258877
RP_18.226_223.11159,,36.8407588372713
RP_18.226_448.23277,,27.3603120136873
RP_18.22_487.34168,L4,100.417317284224
RP_18.241_252.23203,L3,177.238933990056
RP_18.242_252.23201,,179.992449242426
RP_18.258_429.19061,L3,20.8399328432311
RP_18.267_429.29966,L3,137.25247064924
RP_18.275_342.33656,L4,348.510712667673
RP_18.283_279.23172,L2,52.4553221183947
RP_18.283_310.23754,L4,56.6037159148942
RP_18.287_297.24229,,56.4711586620176
RP_18.289_315.25287,L4,102.247630200257
RP_18.297_489.35732,L3,131.943289285226
RP_18.2_346.25865,L4,460.739396765223
RP_18.325_451.32041,L3,93.949630842503
RP_18.333_487.34166,L4,80.832411333582
RP_18.339_328.24807,L3,168.995297757576
RP_18.342_479.3153,,226.91232960636
RP_18.344_433.30969,L4,164.364669907547
RP_18.355_221.18985,L2,86.9625309258471
RP_18.361_465.29965,,99.0314661109972
RP_18.364_491.37297,L3,140.678159991961
RP_18.381_427.28405,L4,92.2007391833552
RP_18.383_417.28458,,129.400657783659
RP_18.387_310.23752,L3,143.945585763229
RP_18.387_459.31025,L4,70.1758847804175
RP_18.404_429.29964,L4,203.67878399052
RP_18.404_461.32589,L4,146.238947595632
RP_18.409_411.28912,L2,97.5535999080486
RP_18.423_349.30993,L4,93.7642979686575
RP_18.423_367.32051,L3,88.8378247236352
RP_18.426_403.34164,L4,94.7260976769458
RP_18.428_574.35978,,136.121728542481
RP_18.439_489.35734,L4,97.447314097183
RP_18.455_315.10141,,253.351396122696
RP_18.46_291.19533,L4,87.6422653955356
RP_18.476_938.42268,,334.37841945545
RP_18.483_263.23678,L3,63.1003903045211
RP_18.483_280.26334,L3,113.809656043276
RP_18.504_423.3255,L4,128.518667165656
RP_18.504_469.33095,L4,93.8962771174944
RP_18.505_429.29961,,125.074050572361
RP_18.506_487.34149,L4,127.019402522985
RP_18.507_441.33602,L3,149.398610357965
RP_18.512_451.32037,L3,97.713125283968
RP_18.527_427.28399,L4,171.547513541979
RP_18.529_445.29459,L2,168.771270126456
RP_18.556_471.34665,L4,87.1132460852129
RP_18.561_296.25819,L3,178.862366312699
RP_18.578_417.28455,,147.89140329513
RP_18.614_348.2743,L4,330.066299672948
RP_18.632_417.2997,L4,113.902232292191
RP_18.645_295.2266,L2,202.701618913231
RP_18.645_487.34162,L3,96.6360335825556
RP_18.64_301.1181,L4,141.08410282915
RP_18.655_489.35737,L4,99.4248796186573
RP_18.671_265.17974,,62.4102357021603
RP_18.672_441.3361,L3,93.6606017490082
RP_18.701_333.2634,L3,263.542813944398
RP_18.711_221.15349,L2,166.406458516815
RP_18.714_337.23478,,390.84256945892
RP_18.71_311.25791,L4,403.356071545
RP_18.731_277.08575,L3,205.619219772266
RP_18.742_459.31026,L4,92.5291380478049
RP_18.74_427.28402,L4,120.959373265348
RP_18.773_459.34664,L3,139.451708418288
RP_18.77_327.25283,L4,80.1364626156816
RP_18.77_375.23752,L3,421.811831617711
RP_18.795_298.27388,L2,109.282741849646
RP_18.798_219.17419,,181.644241266747
RP_18.799_457.33097,L3,96.8393805796186
RP_18.803_239.16156,L4,268.098557486621
RP_18.814_245.17455,L3,176.740853119675
RP_18.828_583.36022,,162.775738805717
RP_18.836_636.35897,,153.709972464215
RP_18.878_588.37539,,111.745962446328
RP_18.886_453.33602,L4,138.922505280034
RP_18.887_506.3837,,146.577234092797
RP_18.888_195.10141,L4,95.6248968783132
RP_18.888_429.29965,,146.982995014859
RP_18.892_613.37082,L3,170.653670362514
RP_18.938_588.37535,L4,111.247638812792
RP_18.944_489.35721,,77.2959266839348
RP_18.946_453.33601,,72.3789790922751
RP_18.947_425.34114,L3,88.0630250615681
RP_18.961_485.3259,L3,98.1648594267345
RP_19.007_459.34661,L4,125.91098905309
RP_19.027_270.24257,L3,57.1979369862704
RP_19.046_489.35727,L4,117.608409914349
RP_19.051_361.20084,L4,62.611298036197
RP_19.069_443.35168,,108.422515020349
RP_19.083_325.2372,L3,58.7640779105238
RP_19.083_343.24774,L4,100.244320102472
RP_19.105_503.33658,,101.361683243924
RP_19.114_329.26849,,116.263359226995
RP_19.137_451.30517,,105.125534781238
RP_19.14_353.10187,L4,144.027030580627
RP_19.154_420.21673,,192.638851690753
RP_19.156_261.22112,,50.4717138495415
RP_19.163_597.37601,,156.500125981043
RP_19.195_295.22658,L2,117.36377301682
RP_19.22_427.3204,L4,97.4806596739033
RP_19.241_597.37579,,143.019362830525
RP_19.244_415.32041,L3,105.044097291347
RP_19.244_429.29966,,133.113501763021
RP_19.255_315.25281,,83.5857468250008
RP_19.261_279.23168,L2,149.831465256524
RP_19.273_311.2579,L4,273.603842053523
RP_19.273_332.27938,L3,163.028120873893
RP_19.276_337.23475,,294.83882714494
RP_19.278_487.34162,,63.8400203631984
RP_19.286_313.21606,L4,83.4592193587306
RP_19.294_435.3255,L3,105.666535172192
RP_19.319_485.32591,L4,80.7344169195023
RP_19.323_269.21096,L4,90.8245181948669
RP_19.325_291.23171,L4,83.0912428745799
RP_19.335_298.27385,L4,108.174785247151
RP_19.336_602.39105,,90.6930812255339
RP_19.398_475.37785,L4,135.097440675573
RP_19.418_363.25276,,111.566081595808
RP_19.428_281.24735,,65.3765058765637
RP_19.451_487.34153,,64.1387591259007
RP_19.504_475.3779,L3,115.437569873038
RP_19.515_457.33094,L4,106.534246108972
RP_19.521_401.23202,L4,301.043735927142
RP_19.522_445.31566,,103.249533593548
RP_19.55_487.34157,L4,83.1457533487008
RP_19.578_317.23205,L3,311.485659006789
RP_19.587_315.25282,L4,46.5671262459785
RP_19.592_453.33603,L4,84.8921988707299
RP_19.601_616.40666,,87.7007777845653
RP_19.612_471.34659,L2,87.4217235189765
RP_19.629_611.39138,,111.963936829911
RP_19.696_219.17418,,63.204452220269
RP_19.848_308.25826,L3,114.415579723507
RP_19.889_506.38374,L4,121.703733741607
RP_19.915_589.40986,L3,110.883028982472
RP_19.954_320.25583,L4,118.254807973297
RP_19.979_625.40715,,97.9750804432973
RP_19.9_625.4072,L3,107.605099599862
RP_2.001_85.05884,,134.434819220119
RP_2.09_210.09704,L3,273.720701030629
RP_2.102_219.09743,L4,232.600964044607
RP_2.123_130.08614,L4,253.04535237357
RP_2.223_219.1338,L4,129.822656129389
RP_2.251_244.09261,L1,144.503257141107
RP_2.298_152.05659,L1,119.121300993328
RP_2.371_113.03444,L3,190.752044764627
RP_2.4_128.07048,L4,182.240152013997
RP_2.668_522.20279,L4,284.736966123689
RP_2.669_104.03411,L4,60.7286498213121
RP_2.752_430.15525,L4,296.045645145628
RP_2.775_123.0473,L3,281.763514995409
RP_2.781_89.0419,L3,381.975507828854
RP_2.808_189.12326,L3,125.744070662539
RP_2.854_112.05041,L2,136.577807081369
RP_2.854_228.09774,L1,132.160560370139
RP_2.966_204.0865,L3,55.1224953737574
RP_2.979_175.10761,L4,117.244091532048
RP_20.062_165.12727,L4,40.663574468146
RP_20.075_297.24224,L2,89.3125465670985
RP_20.134_487.34162,L3,63.6671381248385
RP_20.134_576.41052,,526.514805064107
RP_20.135_576.41027,L4,526.369823075914
RP_20.162_251.23677,L4,83.4818438826861
RP_20.163_443.35173,L3,81.2715812795626
RP_20.165_453.33606,L2,78.0853001692251
RP_20.167_281.24734,L4,38.9758429890044
RP_20.169_263.23677,L2,38.1236689191239
RP_20.169_407.3306,L4,84.4892067922935
RP_20.204_443.24254,L4,251.267298551641
RP_20.205_479.26369,L3,256.678111524741
RP_20.267_469.33097,L2,92.6614702673425
RP_20.274_473.34686,,144.824858750059
RP_20.274_508.38422,L4,146.500996762047
RP_20.275_513.33952,,145.961326711217
RP_20.338_784.53293,L4,123.195753178781
RP_20.401_489.35726,L4,117.494761306658
RP_20.418_343.28416,L4,82.7396180850158
RP_20.42_247.20546,L3,50.9660729474173
RP_20.43_299.2579,L4,55.4755827606125
RP_20.459_495.34441,L2,75.4991008572449
RP_20.483_357.27863,L4,120.301759717954
RP_20.492_487.3416,L3,71.8323750239901
RP_20.495_299.25789,L3,115.485994931588
RP_20.495_313.27354,L3,115.859921492287
RP_20.549_296.29458,L4,49.3087903066031
RP_20.582_377.23544,L3,205.54660188168
RP_20.585_782.66537,,522.025777623311
RP_20.593_459.38306,L4,115.695079467976
RP_20.617_373.0978,L3,49.2006161591977
RP_20.619_490.38882,,73.0081261817663
RP_20.62_495.34427,L2,69.9292000631314
RP_20.65_255.23174,L4,87.0839363028484
RP_20.675_399.31025,,142.336771195263
RP_20.711_279.26805,L4,90.3666362470011
RP_20.737_617.38371,,166.224907340539
RP_20.741_457.33102,L3,79.1006162470244
RP_20.74_517.30707,,49.3022719552556
RP_20.772_403.19018,,211.734378109867
RP_20.847_292.26333,L3,215.32382605287
RP_20.849_237.22112,L4,74.4938173796713
RP_20.96_223.06346,L3,46.4436716934722
RP_20.975_411.32553,,100.100158885899
RP_3.055_403.96176,,79.6448473149776
RP_3.208_130.09738,L3,122.013289169738
RP_3.275_231.97494,,201.582914665227
RP_3.277_130.04974,L1,199.561599962515
RP_3.344_204.0865,L4,49.9485049206569
RP_3.347_158.15385,L2,69.467101340423
RP_3.388_147.05115,L4,231.310732165056
RP_3.391_211.07119,L4,132.426979307838
RP_3.392_130.0246,L3,231.035971362353
RP_3.486_170.08106,L1,162.453229696312
RP_3.552_121.03951,L4,179.122507016069
RP_3.554_139.0501,L2,160.990261142422
RP_3.579_269.11306,,118.472763985899
RP_3.622_684.25549,L4,321.052411710979
RP_3.672_219.1338,L4,129.76563631947
RP_3.683_189.12326,L3,138.185775200173
RP_3.792_403.96175,,88.9058826728104
RP_3.881_203.18592,,81.2785306737016
RP_3.976_219.1338,L4,126.482638116221
RP_4.004_153.0406,L1,240.949477753585
RP_4.023_175.10762,L3,157.143961551205
RP_4.075_86.09638,L3,162.351912284374
RP_4.076_132.10177,L1,163.747203443764
RP_4.076_86.09638,L3,160.904112684125
RP_4.163_136.07554,L4,128.602531540795
RP_4.163_165.05451,L1,122.804540010159
RP_4.164_136.07556,L4,128.722176677978
RP_4.195_297.10797,L4,125.499053779239
RP_4.295_221.98199,L4,122.309670309013
RP_4.296_189.00695,L4,121.768076658777
RP_4.296_206.97968,L3,123.335351211616
RP_4.297_245.98245,L4,124.076223072836
RP_4.298_217.98742,L4,126.876066555416
RP_4.311_283.1287,L3,131.187680435226
RP_4.396_310.13961,L3,140.185351982418
RP_4.403_132.10177,L1,149.679342936991
RP_4.403_86.09638,L3,147.263693680244
RP_4.404_234.02694,L4,128.08143737251
RP_4.557_233.14943,L4,132.687717394016
RP_4.904_156.13818,L4,244.899200088253
RP_5.108_215.13889,L4,135.143347832008
RP_5.243_251.10589,L3,204.789759270863
RP_5.315_325.98442,,72.7396709227827
RP_5.341_233.14943,L4,130.812054260734
RP_5.483_257.113,L3,544.081943637852
RP_5.574_404.1548,L4,463.377969707203
RP_5.588_851.26341,,383.794494954737
RP_5.589_846.30797,L3,355.556579170242
RP_5.58_882.19277,L3,289.507432285633
RP_5.711_320.14507,,167.425527169266
RP_5.713_257.11303,L3,444.599845060437
RP_5.735_166.04976,L4,80.0494812440155
RP_5.74_311.1236,L4,132.753296396455
RP_5.868_253.11811,L2,122.29667152597
RP_5.894_144.0654,L4,218.689430148135
RP_5.897_306.1658,L4,115.027912777673
RP_5.922_463.92842,,75.9454662761724
RP_5.958_227.10246,L3,140.346618705744
RP_5.961_185.09196,L3,80.6261168845461
RP_5.969_279.13711,L3,179.245469142853
RP_6.008_239.10244,L4,120.020823017062
RP_6.009_229.08173,L3,225.09390296059
RP_6.011_276.15521,L3,133.203564720149
RP_6.012_203.13885,L4,135.550143046616
RP_6.015_181.01302,L4,133.198300109903
RP_6.026_304.1865,L4,137.26757636904
RP_6.096_88.11201,L2,147.852449272587
RP_6.135_209.08065,L3,141.305047560632
RP_6.164_188.07048,L3,126.740357527433
RP_6.252_261.14432,L4,146.082407009924
RP_6.304_320.18144,L3,135.978263934847
RP_6.313_274.17595,L4,119.090826179049
RP_6.319_269.11302,,117.862071715204
RP_6.334_203.13885,L4,132.316639816057
RP_6.345_164.05656,,139.566086427238
RP_6.454_239.10247,L4,126.157354188042
RP_6.458_184.1331,L3,240.682815774656
RP_6.465_253.11811,L3,114.275753746078
RP_6.51_188.12802,L3,123.439769221995
RP_6.53_317.18181,,123.339327806317
RP_6.563_276.15523,L4,121.359606594868
RP_6.572_218.10216,L3,60.4455798386539
RP_6.57_286.17598,L3,107.191144206075
RP_6.581_257.11306,L3,168.07878994274
RP_6.601_318.16582,,142.692475841963
RP_6.628_332.18149,,133.351449694309
RP_6.639_189.06575,L4,102.404957010023
RP_6.643_348.17638,L4,123.263822087353
RP_6.669_310.13959,L4,146.923278068424
RP_6.669_310.13961,,149.02852700667
RP_6.68_318.16581,L4,112.209354822994
RP_6.731_217.1545,L4,139.305085132611
RP_6.738_284.1603,L4,133.594404489242
RP_6.743_283.12866,L3,123.422766903142
RP_6.745_275.15998,L4,286.005351802896
RP_6.749_204.0865,L4,242.130337367103
RP_6.796_297.10794,L3,144.936676925176
RP_6.811_334.16077,L4,125.725288408859
RP_6.812_209.08067,L4,110.67643370726
RP_6.88_135.06505,L3,26.4409470732024
RP_6.897_348.17637,L4,130.644134535486
RP_6.921_430.15536,L4,447.403066736387
RP_6.974_318.16583,L4,129.418873716005
RP_6.996_288.15523,L3,177.130691672736
RP_6.999_267.13378,L4,127.551191715599
RP_6.99_156.10182,L2,71.1793962383872
RP_7.014_279.13379,,87.8132382854984
RP_7.037_209.12827,L3,179.67701708152
RP_7.052_256.17667,L4,126.301788372219
RP_7.058_279.10079,L3,135.728242562795
RP_7.074_346.19714,L3,114.909742456844
RP_7.106_206.08103,L4,123.912052657562
RP_7.118_348.17638,,146.234673435819
RP_7.118_348.17642,L4,144.893868220397
RP_7.138_419.11587,,109.8802520872
RP_7.13_199.10759,L2,93.8723290320304
RP_7.15_153.04061,L3,308.141712706711
RP_7.15_269.08786,L3,279.484261380551
RP_7.161_203.13888,L3,149.315243706318
RP_7.195_166.08615,L1,147.673781980916
RP_7.196_120.08064,,145.887037809157
RP_7.197_149.05959,L1,104.591034152831
RP_7.197_188.06807,,158.175793313357
RP_7.198_168.09282,,150.933426514128
RP_7.198_268.01129,,124.741140954262
RP_7.216_272.16033,L4,174.275114583184
RP_7.223_376.17127,L4,136.516705622945
RP_7.247_260.16035,L4,152.05707022778
RP_7.261_523.89533,,76.0490468777659
RP_7.279_302.17111,L3,185.910035328023
RP_7.296_100.0756,L2,95.3627569268262
RP_7.326_332.1815,L3,114.800152936677
RP_7.347_320.18147,L4,120.37339320632
RP_7.352_318.20221,,126.421810987766
RP_7.355_282.11953,L3,173.923975059436
RP_7.364_152.07051,L4,140.358109567745
RP_7.374_362.19204,L4,129.45038579685
RP_7.377_234.12356,L3,154.522453425766
RP_7.386_246.14469,L4,145.65727569161
RP_7.416_290.17089,L3,110.599296914591
RP_7.417_348.17639,L4,143.648240839566
RP_7.447_318.20221,L3,123.802515576581
RP_7.462_143.07018,L4,51.9849018414961
RP_7.466_321.14438,,113.026445122702
RP_7.469_316.18656,,129.223016251793
RP_7.483_389.20296,L4,142.266798747381
RP_7.484_290.17091,L4,100.786723006686
RP_7.488_177.10215,L4,122.284284496132
RP_7.502_332.18152,L3,91.5254293110243
RP_7.506_286.17598,L3,137.357694710712
RP_7.511_243.13377,L3,152.849753647076
RP_7.513_211.10759,L4,107.191611345302
RP_7.534_390.18692,,127.777711893318
RP_7.543_258.11232,L4,165.585107089706
RP_7.551_169.09704,L4,64.0644141689605
RP_7.557_127.05007,L4,140.284714732913
RP_7.557_243.09737,L1,140.605630619187
RP_7.557_81.03345,L4,128.050999074322
RP_7.558_342.01435,,138.471761279877
RP_7.55_127.07521,L4,62.9437533364462
RP_7.579_288.19161,L3,119.984041879542
RP_7.592_260.16036,L4,144.502049904783
RP_7.593_242.14973,L3,147.16673962103
RP_7.593_243.13375,L3,143.052155620019
RP_7.599_332.18147,,105.120941200443
RP_7.611_194.13991,L4,183.789412352582
RP_7.62_362.19204,L4,118.049913189464
RP_7.636_494.19788,,148.202206722903
RP_7.654_331.19748,L4,165.501007691736
RP_7.655_302.17091,L3,187.035356931999
RP_7.657_203.13888,L3,141.552052830936
RP_7.675_157.04945,L4,38.5913758489722
RP_7.691_390.18694,,125.095065752075
RP_7.694_281.14944,L4,121.270612688025
RP_7.695_316.18656,L3,137.588313155674
RP_7.6_295.12868,L4,142.632548065721
RP_7.709_194.0811,L4,542.685646137486
RP_7.711_196.09668,L2,145.79065591385
RP_7.722_175.08649,L4,53.1064650612345
RP_7.722_176.09163,L3,51.1949350249852
RP_7.725_189.12327,L1,139.149281550573
RP_7.726_298.17601,L4,192.310351443717
RP_7.745_294.14472,,119.531458508394
RP_7.754_229.15455,L2,145.485940902705
RP_7.781_196.09668,L2,66.2011864590854
RP_7.801_304.18655,L4,97.8421850716018
RP_7.801_318.20222,L4,118.056611422793
RP_7.812_375.12976,,180.475303750051
RP_7.816_281.14944,L4,138.04840268861
RP_7.822_178.06285,L4,28.6803854207707
RP_7.825_237.12321,L2,120.433404793362
RP_7.826_260.16032,L3,118.32330173795
RP_7.829_233.14943,L4,134.227046283114
RP_7.839_288.19163,L3,122.721899888549
RP_7.851_223.10759,L1,121.121511695033
RP_7.853_546.2029,L4,94.335026177875
RP_7.891_203.02256,L4,133.844025711803
RP_7.891_249.12659,L3,210.794598883141
RP_7.891_250.01327,L4,128.988109227432
RP_7.892_220.99534,L4,133.089450526014
RP_7.904_173.04433,L4,86.9056026968083
RP_7.912_346.19712,L3,133.30244710756
RP_7.923_115.03884,L4,29.4708035238588
RP_7.923_133.04941,L4,29.2647018357454
RP_7.924_360.17634,,187.431071275856
RP_7.947_261.14434,L4,145.985380225636
RP_7.949_243.13377,L2,147.934434042749
RP_7.963_331.1975,L4,129.263683765662
RP_7.964_306.14469,L4,171.127007490937
RP_7.967_156.10182,L4,45.5254685017408
RP_7.983_318.16581,L4,129.09097137612
RP_7.99_334.19717,L4,141.117458639575
RP_8.038_366.1658,,119.178098440235
RP_8.04_352.1866,L4,96.9357417445807
RP_8.066_288.19163,L3,117.932904261619
RP_8.088_334.19714,L4,164.034859872554
RP_8.101_332.1815,L3,116.43893016319
RP_8.16_300.19167,,97.2581440595128
RP_8.179_162.05488,L4,125.936588618941
RP_8.181_360.21279,L3,115.301072206963
RP_8.183_288.19163,L3,120.942954779211
RP_8.187_382.1608,,109.036822565123
RP_8.188_270.19234,L4,99.8704380229032
RP_8.196_352.1502,L3,103.325258909584
RP_8.219_318.20222,L4,189.802917103494
RP_8.221_316.18656,L3,140.995993867011
RP_8.233_353.08417,,258.718722332668
RP_8.234_181.09706,L3,117.901312198052
RP_8.242_231.17016,L2,138.374086136812
RP_8.247_196.10794,L3,150.74805719632
RP_8.254_229.15453,L2,97.8119145065259
RP_8.25_174.09125,L4,112.900067469176
RP_8.25_304.18653,L4,124.689065342516
RP_8.266_343.19748,L4,163.850915928345
RP_8.267_260.16032,L3,164.558182442581
RP_8.272_346.19713,L3,110.435835956643
RP_8.282_332.1815,L3,121.729228175826
RP_8.318_274.17599,L4,189.090473417503
RP_8.321_286.17598,L3,139.89313546299
RP_8.322_373.24442,L3,135.375548114147
RP_8.33_314.12323,L4,995.18553928277
RP_8.369_380.18147,,112.588716466291
RP_8.386_332.21789,L3,124.08992556719
RP_8.391_332.1815,L3,182.941206971135
RP_8.3_290.17089,L3,91.2598288110477
RP_8.408_140.14327,L4,205.747155900739
RP_8.409_191.03381,L4,118.083911107664
RP_8.412_253.11813,L3,124.557107531557
RP_8.41_345.14437,L4,116.893694603808
RP_8.423_369.11543,,297.802057733181
RP_8.431_583.86215,,73.614761050478
RP_8.448_127.07523,L4,56.372803231029
RP_8.448_280.12904,L3,140.521837429269
RP_8.448_302.20728,L3,101.29616363215
RP_8.471_304.18653,L3,181.64553469541
RP_8.501_300.19165,L4,100.790774391413
RP_8.514_360.21277,L4,112.727218746956
RP_8.519_318.1658,L4,128.362945220153
RP_8.51_332.18149,L3,201.522267475985
RP_8.523_357.21315,L4,152.884027059764
RP_8.555_362.19204,L4,196.380143011974
RP_8.583_359.22878,L4,138.886049383012
RP_8.587_332.21787,L3,135.121479042076
RP_8.596_294.14468,L3,153.627470168536
RP_8.5_344.18148,L4,142.854445878865
RP_8.602_223.10759,L1,133.494493751882
RP_8.612_302.20727,L3,112.52759132943
RP_8.621_213.07562,L4,86.8957074517248
RP_8.621_300.19164,L3,155.418124592867
RP_8.654_344.18149,,166.891421085089
RP_8.656_195.02868,L3,113.839329741351
RP_8.658_276.13415,L4,156.393527011027
RP_8.673_358.19692,,136.900316839935
RP_8.675_223.03481,,174.363536335296
RP_8.677_318.20223,L4,145.08878456156
RP_8.685_302.20729,L3,91.2482214468598
RP_8.691_332.21788,L3,106.989030212029
RP_8.698_231.17018,L4,144.138747799186
RP_8.705_179.04503,L4,176.571462903233
RP_8.709_295.16508,L4,126.524542364354
RP_8.714_144.08069,L4,128.305395841002
RP_8.715_352.18658,L4,133.684333918404
RP_8.717_274.176,L4,124.248730182305
RP_8.718_153.05453,L4,37.379333773202
RP_8.736_237.12321,L1,128.204378575677
RP_8.751_373.24439,L3,128.108096281726
RP_8.755_227.07895,,220.725153356602
RP_8.757_330.20222,,131.852306701384
RP_8.75_143.07019,L4,60.7741483352166
RP_8.765_300.19161,L3,176.978259648876
RP_8.777_151.06136,L4,133.743830359293
RP_8.779_162.05488,L4,85.3552321776595
RP_8.786_189.06576,L4,120.305561930721
RP_8.789_288.19163,L3,139.735059478787
RP_8.825_233.09196,L4,128.700821818896
RP_8.826_302.2073,L4,119.073606294162
RP_8.827_182.04939,L2,153.414044780215
RP_8.828_382.19716,,103.726744316629
RP_8.835_195.11268,L4,70.8374183616864
RP_8.836_155.03379,L3,106.640370087238
RP_8.841_267.1338,L4,129.736374722437
RP_8.846_300.19163,L3,155.358774385081
RP_8.864_206.0269,L3,170.272350601502
RP_8.867_266.09227,L2,178.11825075557
RP_8.871_332.21789,L3,133.792334488856
RP_8.882_167.01604,L4,162.852273950476
RP_8.885_320.18148,L4,92.2110639020335
RP_8.895_330.20224,L3,165.759763526819
RP_8.896_304.18657,L4,134.979415675041
RP_8.932_359.22879,L4,186.523857529204
RP_8.949_302.20728,L3,110.300633226124
RP_8.965_330.20223,L3,146.636836807476
RP_8.975_229.11817,,84.5354674776708
RP_8.977_229.11819,L4,84.4218227047268
RP_8.978_358.19706,L3,171.730327803701
RP_8.97_277.11814,L4,128.817420808177
RP_8.97_295.12869,L4,140.174297950793
RP_8.987_360.21277,L4,131.087769055141
RP_9.006_295.16508,L4,116.88694240682
RP_9.034_366.2022,,100.460224058048
RP_9.044_390.24857,,43.8064252905381
RP_9.055_200.16436,L4,87.6842382447385
RP_9.068_396.21276,,117.005402520537
RP_9.109_332.18149,,168.525544510012
RP_9.111_314.20728,L3,122.729884876979
RP_9.116_380.18127,,112.866539970739
RP_9.127_330.20222,L3,140.997940932185
RP_9.129_374.2284,L4,126.597046431785
RP_9.13_324.15529,,99.3592539207625
RP_9.148_263.14233,,208.64890342517
RP_9.152_479.13351,L3,233.837680801733
RP_9.152_514.17074,L3,228.940546064746
RP_9.156_135.10145,L4,81.6577478225921
RP_9.159_231.17016,L4,134.789338029592
RP_9.161_263.13882,,102.49475683388
RP_9.166_308.16036,,88.4692222868503
RP_9.204_293.11305,L4,102.474330972887
RP_9.215_302.20729,L4,114.618331863007
RP_9.218_314.20729,L3,146.377034591741
RP_9.241_278.11342,L4,205.278423197432
RP_9.259_322.17605,L3,124.136700763467
RP_9.263_201.00285,L3,156.428710461442
RP_9.299_295.16505,L4,159.615613228095
RP_9.308_295.16506,L4,162.386562279623
RP_9.319_241.03414,L4,78.9119174947271
RP_9.319_394.19694,L4,112.069439079652
RP_9.33_302.20728,L3,127.090812453561
RP_9.346_332.21789,L3,112.512760743986
RP_9.355_258.12357,L4,180.677661728273
RP_9.361_286.176,L3,168.219835511508
RP_9.38_111.08032,L2,58.0021941159276
RP_9.391_360.21277,L4,112.412309582928
RP_9.399_359.22881,L4,110.035205967818
RP_9.414_179.04502,L4,118.940944652495
RP_9.421_302.20727,L3,200.524222907139
RP_9.43_330.20224,L3,102.519868842717
RP_9.441_114.09122,L2,85.1975312788949
RP_9.449_374.22841,,99.6856619200197
RP_9.449_378.20218,,121.146278709501
RP_9.44_205.04937,L2,224.606937802986
RP_9.464_346.23352,L4,133.712974334379
RP_9.482_296.13519,,157.683901832367
RP_9.487_316.22294,L3,111.66026765539
RP_9.494_318.2022,L4,142.086830054596
RP_9.49_276.13416,L4,167.185036353757
RP_9.507_146.05995,L2,174.989204628623
RP_9.516_265.15452,L2,143.378673901979
RP_9.519_374.22841,L3,109.07563614562
RP_9.534_275.05489,L4,227.703187555363
RP_9.544_300.19167,L3,157.285473939839
RP_9.553_183.06509,L4,41.6132687017662
RP_9.57_164.07052,L3,142.835969096235
RP_9.583_306.14474,L4,179.42328376636
RP_9.5_218.08105,,147.51273353352
RP_9.602_244.11782,L3,53.7414174884398
RP_9.647_166.04977,L4,99.9403305204083
RP_9.648_304.18655,L4,187.780082783415
RP_9.664_302.20729,L3,124.098940749356
RP_9.675_366.16582,,138.256504278236
RP_9.67_193.04945,L4,373.067588290037
RP_9.682_380.21786,L4,107.754213826717
RP_9.689_368.18143,,122.18393519709
RP_9.71_316.22295,,91.9332373924106
RP_9.747_360.21274,L4,110.11782656216
RP_9.74_346.23354,L3,111.021711090262
RP_9.753_849.20238,L4,379.058921871305
RP_9.779_329.14948,L3,130.4282619399
RP_9.791_366.2022,,114.847400513375
RP_9.7_346.1971,L3,199.715557920972
RP_9.806_202.04975,,112.418570208248
RP_9.813_336.1917,L4,106.874212127154
RP_9.822_318.2022,L4,186.582421325136
RP_9.829_346.2335,L4,125.322410969498
RP_9.835_193.06657,L3,154.680115876732
RP_9.839_167.07017,L2,57.6994982099007
RP_9.858_258.11233,L4,180.84694479823
RP_9.872_332.21785,L3,132.198996913769
RP_9.887_316.22294,L3,108.244244688747
RP_9.911_314.20729,L4,182.477006184998
RP_9.914_298.22364,,168.354793400287
RP_9.915_232.08278,,124.304188658149
RP_9.926_161.07086,L3,122.615652240047
RP_9.926_276.12293,,174.28653800677
RP_9.938_499.15982,L4,243.676528803025
RP_9.985_316.22292,L4,135.615832327373
RP_9.986_227.17528,L3,272.152338889308
RP_9.992_185.09199,L3,148.033769200415
