year,month,site,depth,d13CH4,d13CO2,alpha,CH4mM,CO2mM,corrCO2CH4
2022,July,PlotT3F,25,-60.7,-9.3,1.1,0.3,4.1,2.1
2022,July,PlotT3F,50,-69.5,-2.7,1.1,0.3,4.4,1.9
2022,July,PlotT3F,75,-69,-1.6,1.1,0.5,4.7,1.8
2022,July,PlotT3F,100,-69.7,1.5,1.1,0.8,5.5,1.6
2022,July,PlotT3F,150,-69.7,3.5,1.1,1,5.8,1.5
2022,July,PlotT3F,150,-69.9,3.4,1.1,1.1,5.8,1.5
2022,July,PlotT3F,200,-70.8,2,1.1,1.1,5.3,1.6
2022,July,PlotT3F,200,-70.5,2.1,1.1,1.1,5.1,1.6
2022,July,Plot4,25,-66.6,-9.9,1.1,0.6,3.3,2.5
2022,July,Plot4,50,-73.1,-3,1.1,0.6,4.5,2
2022,July,Plot4,50,-72.9,-2.8,1.1,0.7,4.4,2
2022,July,Plot4,75,-70.9,0.7,1.1,0.8,5.3,1.7
2022,July,Plot4,75,-71,0.7,1.1,0.8,5.4,1.7
2022,July,Plot4,100,-68.1,4.4,1.1,1.1,6,1.4
2022,July,Plot4,100,-68.1,4.5,1.1,1.1,6,1.4
2022,July,Plot4,150,-69.7,3.8,1.1,1,5.7,1.5
2022,July,Plot4,150,-69.4,3.7,1.1,1.2,5.6,1.5
2022,July,Plot4,200,-69.7,2.2,1.1,0.6,3.6,1.6
2022,July,Plot4,200,-69.5,2.3,1.1,1.1,5.3,1.5
2022,July,Plot6,25,-77,-14.5,1.1,0.2,1.5,4.4
2022,July,Plot6,25,-77.1,-14.5,1.1,0.2,1.6,4.4
2022,July,Plot6,50,-79.6,-8.7,1.1,0.3,1.9,3.1
2022,July,Plot6,50,-79.4,-8.5,1.1,0.4,1.9,3.1
2022,July,Plot6,75,-76.5,-3.2,1.1,0.5,2.5,2.2
2022,July,Plot6,75,-75.5,-3.8,1.1,0.4,2.3,2.2
2022,July,Plot6,100,-73.1,0.5,1.1,0.8,4.3,1.8
2022,July,Plot6,100,-73.1,0.2,1.1,0.8,4.2,1.8
2022,July,Plot6,150,-73.1,1.2,1.1,0.9,5.3,1.7
2022,July,Plot6,150,-72.8,1.3,1.1,0.9,5,1.7
2022,July,Plot6,200,-73,0.8,1.1,0.9,5.1,1.8
2022,July,Plot6,200,-73.2,1,1.1,1,5.3,1.7
2022,July,Plot8,25,-59.8,-12.4,1.1,0.4,3.1,2.5
2022,July,Plot8,25,-61,-11.9,1.1,0.5,3.5,2.5
2022,July,Plot8,50,-67.1,-8.9,1.1,0.6,5.2,2.4
2022,July,Plot8,50,-66.7,-9,1.1,0.6,4.7,2.4
2022,July,Plot8,75,-71.8,-1,1.1,0.6,4.7,1.8
2022,July,Plot8,75,-71.7,-1,1.1,0.6,4.7,1.8
2022,July,Plot8,100,-67.9,3.4,1.1,0.9,5.1,1.4
2022,July,Plot8,100,-68.3,3.6,1.1,0.9,5.4,1.4
2022,July,Plot8,150,-67.3,5.4,1.1,1,5.5,1.3
2022,July,Plot8,150,-67.3,5.5,1.1,1.2,5.6,1.3
2022,July,Plot8,200,-68.4,2.6,1.1,0.9,4.9,1.5
2022,July,Plot8,200,-68.5,2.5,1.1,0.8,4.8,1.5
2022,July,Plot10,25,-68.9,-20.3,1.1,0.3,4.4,7.5
2022,July,Plot10,25,-68.3,-20.2,1.1,0.4,5.7,7.3
2022,July,Plot10,50,-78.9,-18.6,1.1,0.2,4.6,7.2
2022,July,Plot10,50,-78.9,-18.1,1.1,0.2,4.5,6.7
2022,July,Plot10,75,-80.4,-18.4,1.1,0.1,4.2,7.1
2022,July,Plot10,75,-82.3,-18.4,1.1,0.1,4.2,7.5
2022,July,Plot10,100,-70.1,-3.3,1.1,0.5,3.9,1.9
2022,July,Plot10,100,-70.5,-2.5,1.1,0.5,3.8,1.9
2022,July,Plot10,150,-67.5,4.8,1.1,1,5.1,1.3
2022,July,Plot10,150,-67.6,4.8,1.1,1,5.1,1.4
2022,July,Plot10,200,-68,5,1.1,1,5.6,1.4
2022,July,Plot10,200,-68.3,4.9,1.1,1,5.7,1.4
2022,July,Plot11,25,-68.8,-12.1,1.1,0.5,2.5,3.1
2022,July,Plot11,25,-68.4,-10.3,1.1,0.6,2.5,2.7
2022,July,Plot11,50,-68.8,-1.1,1.1,0.8,3.6,1.7
2022,July,Plot11,50,-68.6,-0.7,1.1,0.8,3.5,1.7
2022,July,Plot11,75,-67.9,3.7,1.1,0.9,4.7,1.4
2022,July,Plot11,75,-68.5,4,1.1,1,4.5,1.4
2022,July,Plot11,100,-69.4,4.4,1.1,1.1,5,1.4
2022,July,Plot11,100,-69.2,4.1,1.1,1.1,5.2,1.4
2022,July,Plot11,150,-69,3.8,1.1,1,5,1.4
2022,July,Plot11,150,-68.8,3.9,1.1,1,5,1.4
2022,July,Plot11,200,-69,3.3,1.1,1.2,4.8,1.5
2022,July,Plot11,200,-69,3.2,1.1,1.5,5,1.5
2022,July,Plot13,25,-66.4,-16.6,1.1,0.1,1.2,4.3
2022,July,Plot13,25,-67,-17.3,1.1,0.1,1.2,4.7
2022,July,Plot13,50,-73.7,-8,1.1,0.4,3.4,2.7
2022,July,Plot13,50,-72.9,-8.7,1.1,0.4,3.4,2.7
2022,July,Plot13,75,-71.6,-5.2,1.1,0.4,3.9,2.2
2022,July,Plot13,75,-71.9,-5.1,1.1,0.4,4.2,2.2
2022,July,Plot13,100,-69.8,2.6,1.1,0.8,4.8,1.5
2022,July,Plot13,100,-70.1,2.3,1.1,0.8,5.1,1.6
2022,July,Plot13,150,-71.3,2.4,1.1,1.1,5.6,1.6
2022,July,Plot13,150,-70.6,2.6,1.1,1.1,5.4,1.6
2022,July,Plot13,200,-72.9,1.1,1.1,0.9,5.6,1.7
2022,July,Plot13,200,-72.8,1.5,1.1,1.1,5.6,1.7
2022,July,Plot16,25,-70.3,-17.5,1.1,0.3,3.6,5.2
2022,July,Plot16,25,-69.6,-16.7,1.1,0.3,3.3,4.7
2022,July,Plot16,50,-72,-7.7,1.1,0.5,5,2.5
2022,July,Plot16,50,-75.6,-7.9,1.1,1,6,2.7
2022,July,Plot16,50,-70.6,-6.2,1.1,0.5,4.8,2.2
2022,July,Plot16,75,-69.7,-0.7,1.1,0.5,3.8,1.7
2022,July,Plot16,100,-68,3.4,1.1,0.8,5.1,1.4
2022,July,Plot16,100,-68.6,3.6,1.1,0.8,5.4,1.4
2022,July,Plot16,150,-67.8,5.3,1.1,0.9,5.1,1.3
2022,July,Plot16,200,-69.9,4.4,1.1,1.2,5.5,1.4
2022,July,Plot16,200,-70.2,3.9,1.1,1.3,5.6,1.5
2022,July,Plot17,25,-67.9,-9.6,1.1,0.9,4.6,2.6
2022,July,Plot17,50,-67.1,-7.3,1.1,0.4,4.7,2.2
2022,July,Plot17,50,-67.4,-7.2,1.1,0.4,4.7,2.2
2022,July,Plot17,75,-70.6,-0.2,1.1,0.6,5,1.7
2022,July,Plot17,75,-77.6,-7.4,1.1,0.4,4.7,2.8
2022,July,Plot17,100,-69.1,1.9,1.1,0.7,5.3,1.5
2022,July,Plot17,100,-68.7,1.5,1.1,0.6,5.1,1.6
2022,July,Plot17,150,-67.8,5.6,1.1,1,6,1.3
2022,July,Plot17,150,-67.9,5,1.1,1.1,6.2,1.4
2022,July,Plot17,150,-67.3,5.5,1.1,1.1,5.9,1.3
2022,July,Plot17,200,-68.8,3.8,1.1,0.8,5.2,1.4
2022,July,Plot17,200,-69.2,4.2,1.1,1.1,5.9,1.4
2022,July,Plot19,25,-74.1,-10.6,1.1,0.5,3.3,3.1
2022,July,Plot19,25,-73.7,-11.4,1.1,0.4,2.9,3.3
2022,July,Plot19,50,-72.8,-0.8,1.1,0.8,4.2,1.9
2022,July,Plot19,75,-69.7,0.5,1.1,0.9,4.7,1.7
2022,July,Plot19,100,-75.3,-3.7,1.1,0.7,5.4,2.2
2022,July,Plot19,100,-75.4,-3.7,1.1,0.7,5.2,2.2
2022,July,Plot19,150,-71.6,-0.3,1.1,0.7,3.8,1.8
2022,July,Plot19,150,-71.3,-1.1,1.1,0.6,3.4,1.8
2022,July,Plot19,200,-69.6,0.5,1.1,1,4.9,1.6
2022,July,Plot19,200,-69.6,0.7,1.1,1,5,1.6
2022,July,Plot20,25,-72.4,-12.3,1.1,0.4,3.3,3.4
2022,July,Plot20,25,-72.4,-12.9,1.1,0.4,3.2,3.5
2022,July,Plot20,50,-75.1,-5.5,1.1,0.5,3.2,2.4
2022,July,Plot20,50,-75.2,-4.5,1.1,0.5,3.5,2.3
2022,July,Plot20,75,-71.5,1.3,1.1,0.8,4.1,1.7
2022,July,Plot20,75,-70.6,1,1.1,0.8,4.1,1.6
2022,July,Plot20,100,-70.2,3.3,1.1,0.9,4.7,1.5
2022,July,Plot20,100,-70.3,3.1,1.1,0.9,4.3,1.5
2022,July,Plot20,150,-70.5,2.3,1.1,0.8,3.5,1.6
2022,July,Plot20,200,-70.3,1.8,1.1,1.2,5,1.6
2022,July,Plot20,200,-70.5,1.7,1.1,1,4.9,1.6